Slide_ID,Endpoint,ReferenceID,Correct_Answer,DOI,ID_Paper,Author,scaffold_smiles,ID_Sub_1,best_cpd_id,best_cpd_smiles,ID_Sub_2,cpd2,cpd2 level,cpd2_smiles,ID_sub_3,cpd 3,cpd3 level,cpd3_smiles,ID_Sub_3,total_smiles_1,total_smiles_2,total_smiles_3,total_inchikey_1,total_inchikey_2,total_inchikey_3
1.0,LogP,45.0,A,https://pubs.acs.org/doi/10.1021/jm101094p,45,CM,[*]c1cn(CC(=O)COc2ccc(CCCCCCCC)cc2)c3ccc(cc13)C(=O)O,A,4,[*]C(=O)C,B,13,bad,[*]C(=O)C(C)(C)C, ,34,bad,[*]C(=O)C(F)(F)F,C,CCCCCCCCc1ccc(OCC(=O)Cn2cc(C(C)=O)c3cc(C(=O)O)ccc32)cc1,CCCCCCCCc1ccc(OCC(=O)Cn2cc(C(=O)C(C)(C)C)c3cc(C(=O)O)ccc32)cc1,CCCCCCCCc1ccc(OCC(=O)Cn2cc(C(=O)C(F)(F)F)c3cc(C(=O)O)ccc32)cc1,ISKXPUZPVCCNMQ-UHFFFAOYSA-N,GFCOTNDVGXPMQV-UHFFFAOYSA-N,FPBGJJCSCBMAGS-UHFFFAOYSA-N
2.0,LogP,19.0,A,https://doi.org/10.1016/j.bmcl.2016.07.011,19,KA,[*]c1nc(cs1)c2ccc(c(F)c2)n3cnc(C)c3,A,43,[*]Nc1c2CCCc2nn1C3CCC3,B,48,medium/high,[*]Nc1c2CCCCCc2nn1CC, ,47,High,[*]Nc1c2C(C)CC(C)(C)c2nn1CC,C,Cc1cn(-c2ccc(-c3csc(Nc4c5c(nn4C4CCC4)CCC5)n3)cc2F)cn1,CCn1nc2c(c1Nc1nc(-c3ccc(-n4cnc(C)c4)c(F)c3)cs1)CCCCC2,CCn1nc2c(c1Nc1nc(-c3ccc(-n4cnc(C)c4)c(F)c3)cs1)C(C)CC2(C)C,CSVBVTZWEAPXRE-UHFFFAOYSA-N,XZSZHBDACAQPPG-UHFFFAOYSA-N,MRFXZJPAATZCFE-UHFFFAOYSA-N
3.0,LogP,15.0,C,http://dx.doi.org/10.1016/j.bmcl.2013.09.090,15,KA,[*]Oc1ccc2CCN(CCCC)CCc2c1,C,17,[*]c1ccc(nn1)C(=O)NC,B,10,Medium,[*]c1ccc(cn1)C(=O)NC, ,33,High,[*]c1ccc(cn1)N2CCCC2=O,A,CCCCN1CCc2ccc(Oc3ccc(C(=O)NC)nn3)cc2CC1,CCCCN1CCc2ccc(Oc3ccc(C(=O)NC)cn3)cc2CC1,CCCCN1CCc2ccc(Oc3ccc(N4CCCC4=O)cn3)cc2CC1,OYHZGZHKTFXUJE-UHFFFAOYSA-N,WKNXTUQEDJBPCY-UHFFFAOYSA-N,GWAIPOWLBDLABD-UHFFFAOYSA-N
4.0,LogD,47.0,A,https://pubs.acs.org/doi/10.1021/acsmedchemlett.2c00172,47,CM,[*]N1C(=O)N(C)c2cnc(Nc3cc4cccnc4cc3C)nc12,A,10,[*]C1CCNCC1,B,7,medium,[*]C1CCN(C)CC1, ,16,medium,[*]C1CN(C)CC1F,C,Cc1cc2ncccc2cc1Nc1ncc2c(n1)n(C1CCNCC1)c(=O)n2C,Cc1cc2ncccc2cc1Nc1ncc2c(n1)n(C1CCN(C)CC1)c(=O)n2C,Cc1cc2ncccc2cc1Nc1ncc2c(n1)n(C1CN(C)CC1F)c(=O)n2C,BUAYUJMPGUYFPI-UHFFFAOYSA-N,FDMMYUOTNSORRO-UHFFFAOYSA-N,DRERCWQPCPCMRM-UHFFFAOYSA-N
5.0,LogD,7.0,C,https://pubs.acs.org/doi/10.1021/acs.jmedchem.9b00362,7,KA,[*]N[C@@H](C)C1=Cc2cc(Cl)ccc2NC1=O,C,56,[*]c1ccc(C#N)c(C)n1,B,64,medium,[*]c1ncc(C#N)c(C)n1, ,62,medium,[*]c1ccc(nc1OC)C#N,A,Cc1nc(N[C@@H](C)c2cc3cc(Cl)ccc3[nH]c2=O)ccc1C#N,Cc1nc(N[C@@H](C)c2cc3cc(Cl)ccc3[nH]c2=O)ncc1C#N,COc1nc(C#N)ccc1N[C@@H](C)c1cc2cc(Cl)ccc2[nH]c1=O,DRQHRPOTAKQHEV-NSHDSACASA-N,DXHZNUXMBDALDX-JTQLQIEISA-N,LXAVQRJBWNUBTP-JTQLQIEISA-N
6.0,Solubility,1.0,C,https://doi.org/10.1021/jm0408870,1,CM,CC(C(=O)NC1=NNC(=C1)C1CC1)C1=CC=C(-*)C=C1,C,27,*-N1C=CNC1=O,B,28,medium,*-N1C=NNC1=O, ,36,medium,*-N1CCOS1(=O)=O,A,C=CC(=CC=Cn1cc[nH]c1=O)C(C)C(=O)Nc1cc(C2CC2)[nH]n1,C=CC(=CC=Cn1cn[nH]c1=O)C(C)C(=O)Nc1cc(C2CC2)[nH]n1,C=CC(=CC=CN1CCOS1(=O)=O)C(C)C(=O)Nc1cc(C2CC2)[nH]n1,KSAAPALLFNZPLH-UHFFFAOYSA-N,BUPZLOJYXHWPSV-UHFFFAOYSA-N,FVZFRDDSBBPPHS-UHFFFAOYSA-N
7.0,Solubility,5.0,A,http://dx.doi.org/10.1016/j.bmcl.2012.04.131,5,KA,COC1=CC(=CC=C1NC1=NC(NC2CCCCC2)=C2N=CNC2=N1)N1CCN(-*)CC1,A,22,CN1CCN(CC1)C(-*)=O,B,25,medium,*-CC1=CC=CC=N1, ,27,medium/low,*-CC1CCOC1,C,CN1CCN(C)CC1.COc1cc(N(CCN)CCO)ccc1Nc1nc(NC2CCCCC2)c2nc[nH]c2n1,COc1cc(N(CCN)CCCc2ccccn2)ccc1Nc1nc(NC2CCCCC2)c2nc[nH]c2n1,COc1cc(N(CCN)CCCC2CCOC2)ccc1Nc1nc(NC2CCCCC2)c2nc[nH]c2n1,ABTBDPUQMFRNCN-UHFFFAOYSA-N,DYYISXDKRQAVIG-UHFFFAOYSA-N,JSNUEJOPBVLICS-UHFFFAOYSA-N
8.0,Solubility,14.0,C,https://pubs.acs.org/doi/10.1021/acsmedchemlett.5b00117,14bis,CM,[*]c1ccc(cc1)C(=O)N2CCn3c(C2)nnc3c4ccccn4,C,15,[*]Cc1ccccc1,B,13,bad,[*]c1ccc(Cl)cc1, ,17,medium,[*]c1oc(C)cc1,A,O=C(c1ccc(Cc2ccccc2)cc1)N1CCn2c(nnc2-c2ccccn2)C1,O=C(c1ccc(-c2ccc(Cl)cc2)cc1)N1CCn2c(nnc2-c2ccccn2)C1,Cc1ccc(-c2ccc(C(=O)N3CCn4c(nnc4-c4ccccn4)C3)cc2)o1,RMGUHKHKRZFBCE-UHFFFAOYSA-N,AMXMHHADTVOXCR-UHFFFAOYSA-N,VLQQMEWOBPICFJ-UHFFFAOYSA-N
9.0,Solubility,44.0,A,https://pubs.acs.org/doi/pdf/10.1021/jm1001088,44,CM,[*]C(=O)c1cn(CC(=O)COc2ccc(C)cc2)c3ccc(cc13)C(=O)O,A,33,[*]Oc1ccccc1,B,34,bad,[*]Oc1ccc(cc1)C(F)(F)F, ,35,medium,[*]OCCOc1ccccc1,C,Cc1ccc(OCC(=O)Cn2cc(C(=O)Oc3ccccc3)c3cc(C(=O)O)ccc32)cc1,Cc1ccc(OCC(=O)Cn2cc(C(=O)Oc3ccc(C(F)(F)F)cc3)c3cc(C(=O)O)ccc32)cc1,Cc1ccc(OCC(=O)Cn2cc(C(=O)OCCOc3ccccc3)c3cc(C(=O)O)ccc32)cc1,QDYJBJWCIOHFKJ-UHFFFAOYSA-N,ZJHCXPJTVYPCHC-UHFFFAOYSA-N,KJBPDZWPLBIPIE-UHFFFAOYSA-N
10.0,Solubility,46.0,C,https://pubs.acs.org/doi/10.1021/jm101356p,46,CM,[*]C1=CC(=O)c2c(O1)ccc3ccccc23,C,20,[*]c1ccccn1,B,14,medium,[*]c1ccccc1, ,17,medium,[*]c1ccccc1F,A,O=c1cc(-c2ccccn2)oc2ccc3ccccc3c12,O=c1cc(-c2ccccc2)oc2ccc3ccccc3c12,O=c1cc(-c2ccccc2F)oc2ccc3ccccc3c12,ZTEHSCMHCBKLIH-UHFFFAOYSA-N,OUGIDAPQYNCXRA-UHFFFAOYSA-N,ZWMCNYORTGSOLV-UHFFFAOYSA-N
11.0,Solubility,3.0,B,dx.doi.org/10.1021/jm300967g,3,CM,*-N1C=C(C=N1)C1=NC2=C(N=NN2CC2=CC=C3N=CC=CC3=C2)N=C1,B,38,[*]CCN1CCCC1,A,41,bad,[*]C1CCNCC1, ,40,medium,*-[C@H]1CCNC1,C,c1cnc2ccc(Cn3nnc4ncc(-c5cnn(CCN6CCCC6)c5)nc43)cc2c1,c1cnc2ccc(Cn3nnc4ncc(-c5cnn(C6CCNCC6)c5)nc43)cc2c1,c1cnc2ccc(Cn3nnc4ncc(-c5cnn([C@H]6CCNC6)c5)nc43)cc2c1,TZEHZNXZLKHMQY-UHFFFAOYSA-N,IFAQDDNLMPFIAG-UHFFFAOYSA-N,APDIXVQXPVLGGS-KRWDZBQOSA-N
12.0,Solubility,5.0,A,http://dx.doi.org/10.1016/j.bmcl.2012.04.131,5,CM,COC1=CC(=CC=C1NC1=NC(NC2CCCCC2)=C2N=CNC2=N1)N1CCC(-*)CC1,A,35,CN(C)C1CCN(C1)C(=O)C-*,B,33,medium,CN1CCN(CC1)C(=O)C-*, ,29,medium,CN(C)C1CCN(C1)C(-*)=O,C,CCN(CCCCC(=O)N1CCC(N(C)C)C1)c1ccc(Nc2nc(NC3CCCCC3)c3nc[nH]c3n2)c(OC)c1,CCN(CCCCC(=O)N1CCN(C)CC1)c1ccc(Nc2nc(NC3CCCCC3)c3nc[nH]c3n2)c(OC)c1,CCN(CCCO)c1ccc(Nc2nc(NC3CCCCC3)c3nc[nH]c3n2)c(OC)c1.CN1CCC(N(C)C)C1,IYRYZUFVOPNQHS-UHFFFAOYSA-N,BGSLVZOASXRXAH-UHFFFAOYSA-N,YEYUDSCPXXPLEC-UHFFFAOYSA-N
13.0,Permeability,1.0,B,https://doi.org/10.1021/jm0408870,1,CM,CC(C(=O)NC1=NNC(=C1)C1CC1)C1=CC=C(-*)C=C1,B,22,*-N1CCNC1=O,A,27,bad,*-N1C=CNC1=O, ,25,bad,*-N1CC(=O)NC1=O,C,C=CC(=CC=CN1CCNC1=O)C(C)C(=O)Nc1cc(C2CC2)[nH]n1,C=CC(=CC=Cn1cc[nH]c1=O)C(C)C(=O)Nc1cc(C2CC2)[nH]n1,C=CC(=CC=CN1CC(=O)NC1=O)C(C)C(=O)Nc1cc(C2CC2)[nH]n1,WNZJVYINPQHFOO-UHFFFAOYSA-N,KSAAPALLFNZPLH-UHFFFAOYSA-N,NMFOGIWHJUWZOR-UHFFFAOYSA-N
14.0,Permeability,3.0,A,dx.doi.org/10.1021/jm300967g,3,CM,*-N1C=C(C=N1)C1=NC2=C(N=NN2CC2=CC=C3N=CC=CC3=C2)N=C1,A,37,[*]CCN(C)C,B,40,bad,*-[C@H]1CCNC1, ,38,medium,[*]CCN1CCCC1,C,CN(C)CCn1cc(-c2cnc3nnn(Cc4ccc5ncccc5c4)c3n2)cn1,c1cnc2ccc(Cn3nnc4ncc(-c5cnn([C@H]6CCNC6)c5)nc43)cc2c1,c1cnc2ccc(Cn3nnc4ncc(-c5cnn(CCN6CCCC6)c5)nc43)cc2c1,BWWZBAPDCWXGKS-UHFFFAOYSA-N,APDIXVQXPVLGGS-KRWDZBQOSA-N,TZEHZNXZLKHMQY-UHFFFAOYSA-N
15.0,Permeability,42.0,A,https://www.sciencedirect.com/science/article/pii/S0968089622000499,42,CM,[*]CCn1cc(Nc2ncc(OCc3c(F)c(OC)cc(OC)c3F)cn2)cn1,A,27,[*]O,B,29,bad,[*]NC1CCN(C)CC1, ,31,bad,[*]N1CCNCC1,C,COc1cc(OC)c(F)c(COc2cnc(Nc3cnn(CCO)c3)nc2)c1F,COc1cc(OC)c(F)c(COc2cnc(Nc3cnn(CCNC4CCN(C)CC4)c3)nc2)c1F,COc1cc(OC)c(F)c(COc2cnc(Nc3cnn(CCN4CCNCC4)c3)nc2)c1F,VDZZYOJYLLNBTD-UHFFFAOYSA-N,NGBQSNJMRWZUME-UHFFFAOYSA-N,DPTGMNVPKCOMNV-UHFFFAOYSA-N
16.0,hERG,9.0,A,https://pubs.acs.org/doi/full/10.1021/acs.jmedchem.6b01834,9,CM,[H]C1=CC=CC(=C1)C1=CC=C(-*)C2=C1C=C(NC(=O)NCC)N=C2,A,61,OCCOC(=O)N-*,B,59,medium,COC(=O)N-*, ,60,bad,CC(C)OC(=O)N-*,C,CCNC(=O)Nc1cc(C(=CC=CNC(=O)OCCO)c2ccccc2)ccn1,CCNC(=O)Nc1cc(C(=CC=CNC(=O)OC)c2ccccc2)ccn1,CCNC(=O)Nc1cc(C(=CC=CNC(=O)OC(C)C)c2ccccc2)ccn1,PCGQABKHXOVNAI-UHFFFAOYSA-N,CXTKWZUWCADQDU-UHFFFAOYSA-N,JHCJXGUBZCTOQQ-UHFFFAOYSA-N
17.0,hERG,18.0,A,https://pubs.acs.org/doi/10.1021/acs.jmedchem.1c01215,18,CM,[*]N1CCN(Cc2nc3c4cccc(OC)c4nc(N)n3n2)[C@H](C)C1,A,8e,[*]c1sc(C)nc1C,B,8a,medium,[*]c1ccc(F)cc1, ,8b,bad,[*]c1ccc(F)cn1,C,COc1cccc2c1nc(N)n1nc(CN3CCN(c4sc(C)nc4C)C[C@H]3C)nc21,COc1cccc2c1nc(N)n1nc(CN3CCN(c4ccc(F)cc4)C[C@H]3C)nc21,COc1cccc2c1nc(N)n1nc(CN3CCN(c4ccc(F)cn4)C[C@H]3C)nc21,SBASPANLGYDWOU-GFCCVEGCSA-N,MQKKAQLHMBBFHM-CQSZACIVSA-N,MLKYZAOUHNKPGX-CYBMUJFWSA-N
18.0,hERG,33.0,C,https://pubs.acs.org/doi/10.1021/acsmedchemlett.2c00120,33,CM,[*]C(=O)NCC1CC1c2cc(F)cc(F)c2OCc3cccnc3F,C,10,[*]N1CCC2(CCNC2)CC1,B,9,medium,[*]N1CCC2(CCCN2)CC1, ,12,medium,[*]N1CCC(CC1)N2CC3CCC(C2)O3,A,O=C(NCC1CC1c1cc(F)cc(F)c1OCc1cccnc1F)N1CCC2(CCNC2)CC1,O=C(NCC1CC1c1cc(F)cc(F)c1OCc1cccnc1F)N1CCC2(CCCN2)CC1,O=C(NCC1CC1c1cc(F)cc(F)c1OCc1cccnc1F)N1CCC(N2CC3CCC(C2)O3)CC1,COXLGBFGDYXGCH-UHFFFAOYSA-N,VAJRKRJTHOUFCB-UHFFFAOYSA-N,YHOJLJGGHQGYCP-UHFFFAOYSA-N
19.0,hERG,39.0,B,https://www.sciencedirect.com/science/article/pii/S0960894X1630049X,39,CM,[*]c1cc(cc(c1)C(F)(F)F)C(=O)NC2CCc3ccc(Oc4ccnc5NC(=O)CCc45)cc3C2,B,14,[*]c1cn(C)cn1,A,7,bad,[*]C1(N)CCC1, ,9,bad,[*]C1(O)CNC1,C,Cn1cnc(-c2cc(C(=O)NC3CCc4ccc(Oc5ccnc6c5CCC(=O)N6)cc4C3)cc(C(F)(F)F)c2)c1,NC1(c2cc(C(=O)NC3CCc4ccc(Oc5ccnc6c5CCC(=O)N6)cc4C3)cc(C(F)(F)F)c2)CCC1,O=C1CCc2c(Oc3ccc4c(c3)CC(NC(=O)c3cc(C(F)(F)F)cc(C5(O)CNC5)c3)CC4)ccnc2N1,GZTPUSNUTYNJBX-UHFFFAOYSA-N,PKHMAUVAHJMDLV-UHFFFAOYSA-N,ALVMSWWSJKOZJK-UHFFFAOYSA-N
20.0,LogP,15.0,A,http://dx.doi.org/10.1016/j.bmcl.2013.09.090,15,KA,[*]Oc1ccc2CCN(CCCC)CCc2c1,A,22,[*]c1ccc(cn1)c2oc(C)nn2,B,23,medium,[*]c1ccc(cn1)c2c(C)onc2C, ,24,Medium,[*]c1ccc(cn1)n2cccn2,C,CCCCN1CCc2ccc(Oc3ccc(-c4nnc(C)o4)cn3)cc2CC1,CCCCN1CCc2ccc(Oc3ccc(-c4c(C)noc4C)cn3)cc2CC1,CCCCN1CCc2ccc(Oc3ccc(-n4cccn4)cn3)cc2CC1,UWIYMQMXAAUMCY-UHFFFAOYSA-N,JSBQTNRPNHCYBQ-UHFFFAOYSA-N,MBSZDHHSBYCPAC-UHFFFAOYSA-N
21.0,LogP,28.0,A,https://doi.org/10.1021/acs.jmedchem.1c00820,28,KA,[*]NC(=O)CN1N=Nc2ccccc2C1=O,A,29,[*][C@@H](C)c1ccc(C)nc1,B,26,medium,[*][C@@H](C)c1ccc(F)cc1, ,30,medium/low,[*][C@@H](C)c1ccc(C)cc1C,C,Cc1ccc([C@H](C)NC(=O)Cn2nnc3ccccc3c2=O)cn1,C[C@H](NC(=O)Cn1nnc2ccccc2c1=O)c1ccc(F)cc1,Cc1ccc([C@H](C)NC(=O)Cn2nnc3ccccc3c2=O)c(C)c1,YZXMNOKIBNXEIT-LBPRGKRZSA-N,IKWQWSKSKJKRIZ-NSHDSACASA-N,LXZGSJQRZHHQBT-AWEZNQCLSA-N
22.0,LogP,34.0,B,https://www.sciencedirect.com/science/article/pii/S0223523417307997,34,CM,[*]Nc1ncnc2ccc(cc12)c3cccc(c3)N4CCOCC4,B,10b,[*]C1=NC(=O)NC=C1F,A,5,bad,[*]c1ccc(OC)c(Cl)c1, ,9a,medium,[*]c1ccnn1CC,C,O=c1nc(Nc2ncnc3ccc(-c4cccc(N5CCOCC5)c4)cc23)c(F)c[nH]1,COc1ccc(Nc2ncnc3ccc(-c4cccc(N5CCOCC5)c4)cc23)cc1Cl,CCn1nccc1Nc1ncnc2ccc(-c3cccc(N4CCOCC4)c3)cc12,ANTXFXBYGUTUSY-UHFFFAOYSA-N,ITAJOSQGMDGOEX-UHFFFAOYSA-N,ORXFRSBRGVNHNJ-UHFFFAOYSA-N
23.0,LogD,9.0,C,https://pubs.acs.org/doi/full/10.1021/acs.jmedchem.6b01834,9,CM,[H]C1=CC=CC(=C1)C1=CC=C(-*)C2=C1C=C(NC(=O)NCC)N=C2,C,72,*-NC(=O)NC1CCNCC1,B,69,bad,*-NC(=O)N1CCNCC1, ,73,bad,F[C@H]1CNCCC1NC(=O)N-*,A,CCNC(=O)Nc1cc(C(=CC=CNC(=O)NC2CCNCC2)c2ccccc2)ccn1,CCNC(=O)Nc1cc(C(=CC=CNC(=O)N2CCNCC2)c2ccccc2)ccn1,CCNC(=O)Nc1cc(C(=CC=CNC(=O)NC2CCNC[C@@H]2F)c2ccccc2)ccn1,YNXKBHJRZHWALV-UHFFFAOYSA-N,OCFBZISHRYWJMT-UHFFFAOYSA-N,VJHSWROIIGQXDU-BGERDNNASA-N
24.0,LogD,32.0,C,https://pubs.acs.org/doi/10.1021/jm500432n,32,CM,[*]CCN1CCC(CC1)NCc2cnc(C)c(c2)C#N,C,14,[*]N1C(=O)C=Nc2ncc(OC)cc12,B,9,bad,[*]N1C(=O)C=Cc2c(cc(OC)cc12)C#N, ,7,medium,[*]N1C(=O)C=Cc2ncc(OC)cc12,A,COc1cnc2ncc(=O)n(CCN3CCC(NCc4cnc(C)c(C#N)c4)CC3)c2c1,COc1cc(C#N)c2ccc(=O)n(CCN3CCC(NCc4cnc(C)c(C#N)c4)CC3)c2c1,COc1cnc2ccc(=O)n(CCN3CCC(NCc4cnc(C)c(C#N)c4)CC3)c2c1,OKHVIXOIPCOUGH-UHFFFAOYSA-N,LVXBUMWPFFTWIQ-UHFFFAOYSA-N,FUGKEVWBNIYVLF-UHFFFAOYSA-N
25.0,Solubility,14.0,C,https://pubs.acs.org/doi/10.1021/acsmedchemlett.5b00117,14bis,CM,CC1N(CCN2C(-*)=NN=C12)C(=O)C1=CC=C(C=C1)C1=CC=CS1,C,30,[*]c1cncc(C)n1,B,3,bad,[*]c1csc(n1)c2ccc(F)cc2F, ,37,medium,[*]c1nc(C)cs1,A,Cc1cncc(NN=C2C(C)N(C(=O)c3ccc(-c4cccs4)cc3)CCN2C)n1,CC1C(=NNc2csc(-c3ccc(F)cc3F)n2)N(C)CCN1C(=O)c1ccc(-c2cccs2)cc1,Cc1csc(NN=C2C(C)N(C(=O)c3ccc(-c4cccs4)cc3)CCN2C)n1,CCPWYJWMYVYQQP-UHFFFAOYSA-N,QLKFIOGQXNYXJR-UHFFFAOYSA-N,PQDTYEQCOFLGDB-UHFFFAOYSA-N
26.0,Solubility,45.0,B,https://pubs.acs.org/doi/10.1021/jm101094p,45,CM,[*]c1cn(CC(=O)COc2ccc(CCCCCCCC)cc2)c3ccc(cc13)C(=O)O,B,12,[*]C(=O)C(C)C,A,13,bad,[*]C(=O)C(C)(C)C, ,34,bad,[*]C(=O)C(F)(F)F,C,CCCCCCCCc1ccc(OCC(=O)Cn2cc(C(=O)C(C)C)c3cc(C(=O)O)ccc32)cc1,CCCCCCCCc1ccc(OCC(=O)Cn2cc(C(=O)C(C)(C)C)c3cc(C(=O)O)ccc32)cc1,CCCCCCCCc1ccc(OCC(=O)Cn2cc(C(=O)C(F)(F)F)c3cc(C(=O)O)ccc32)cc1,BFSRCVAMCRMHBI-UHFFFAOYSA-N,GFCOTNDVGXPMQV-UHFFFAOYSA-N,FPBGJJCSCBMAGS-UHFFFAOYSA-N
27.0,Solubility,3.0,A,dx.doi.org/10.1021/jm300967g,3,CM,*-C1=NC2=C(N=NN2CC2=CC=C3N=CC=CC3=C2)N=C1,A,47,CN(C)CCN-*,B,46,medium,[*]NCCO, ,51,good-medium,[*]OCCN(C)C,C,CN(C)CCNc1cnc2nnn(Cc3ccc4ncccc4c3)c2n1,OCCNc1cnc2nnn(Cc3ccc4ncccc4c3)c2n1,CN(C)CCOc1cnc2nnn(Cc3ccc4ncccc4c3)c2n1,FRGBZZPUEOIMQH-UHFFFAOYSA-N,HBZSJPZNEMQXCF-UHFFFAOYSA-N,XCECIQOQNJBRNC-UHFFFAOYSA-N
28.0,Solubility,7.0,A,https://pubs.acs.org/doi/10.1021/acs.jmedchem.9b00362,7,KA,[*]NCC1=Cc2cc(Cl)ccc2NC1=O,A,23,[*]c1ccc(c(OC)c1)S(=O)(=O)C,B,17,medium,[*]c1ccc(cc1)n2nnnc2C, ,15,low,[*]c1ccc(C#N)c(C)c1,C,COc1cc(NCc2cc3cc(Cl)ccc3[nH]c2=O)ccc1S(C)(=O)=O,Cc1nnnn1-c1ccc(NCc2cc3cc(Cl)ccc3[nH]c2=O)cc1,Cc1cc(NCc2cc3cc(Cl)ccc3[nH]c2=O)ccc1C#N,SHYVLODAAQLLMP-UHFFFAOYSA-N,YTNJBJHNTIQCJD-UHFFFAOYSA-N,PEMDUUPRWVAMBW-UHFFFAOYSA-N
29.0,Solubility,16.0,C,https://doi.org/10.1021/acs.jmedchem.6b00070,16,KA,[*]N1CCC(CC1)c2ccc(OCCN3CCN(C)C(=O)[C@H]3C)cc2,C,13,[*]c1ccc2nnc(OC)n2n1,B,12,medium,[*]c1ccc2nnc(SC)n2n1, ,11,Low,[*]c1ccc2nnc(Cl)n2n1,A,COc1nnc2ccc(N3CCC(c4ccc(OCCN5CCN(C)C(=O)[C@H]5C)cc4)CC3)nn12,CSc1nnc2ccc(N3CCC(c4ccc(OCCN5CCN(C)C(=O)[C@H]5C)cc4)CC3)nn12,C[C@@H]1C(=O)N(C)CCN1CCOc1ccc(C2CCN(c3ccc4nnc(Cl)n4n3)CC2)cc1,RSMYFSPOTCDHHJ-GOSISDBHSA-N,KTXYHHWRRROJQB-GOSISDBHSA-N,IPCCFHHXDRGUOQ-QGZVFWFLSA-N
30.0,Solubility,45.0,B,https://pubs.acs.org/doi/10.1021/jm101094p,45,CM,[*]c1cn(CC(=O)COc2ccc(CCCCCCCC)cc2)c3ccc(cc13)C(=O)O,B,32,[*]C(=O)c1ccc(cc1)C(=O)O,A,30,medium,[*]C(=O)CCCCC(=O)O, ,22,medium,[*]C(=O)CCC(=O)O,C,CCCCCCCCc1ccc(OCC(=O)Cn2cc(C(=O)c3ccc(C(=O)O)cc3)c3cc(C(=O)O)ccc32)cc1,CCCCCCCCc1ccc(OCC(=O)Cn2cc(C(=O)CCCCC(=O)O)c3cc(C(=O)O)ccc32)cc1,CCCCCCCCc1ccc(OCC(=O)Cn2cc(C(=O)CCC(=O)O)c3cc(C(=O)O)ccc32)cc1,HPXGHWUMRJTZOX-UHFFFAOYSA-N,QLVBBRQNAYNNQR-UHFFFAOYSA-N,CILKLAAENJJNEQ-UHFFFAOYSA-N
31.0,Permeability,5.0,B,http://dx.doi.org/10.1016/j.bmcl.2012.04.131,5,CM,COC1=CC(=CC=C1NC1=NC(NC2CCCCC2)=C2N=CNC2=N1)N1CCN(-*)CC1,B,27,[*]CC1CCOC1,A,19,medium,[*]S(=O)(=O)C, ,20,medium,[*]S(=O)(=O)CCCN1CCOCC1,C,COc1cc(N(CCN)CCCC2CCOC2)ccc1Nc1nc(NC2CCCCC2)c2nc[nH]c2n1,COc1cc(N(CCN)CCS(C)(=O)=O)ccc1Nc1nc(NC2CCCCC2)c2nc[nH]c2n1,COc1cc(N(CCN)CCS(=O)(=O)CCCN2CCOCC2)ccc1Nc1nc(NC2CCCCC2)c2nc[nH]c2n1,JSNUEJOPBVLICS-UHFFFAOYSA-N,ANDSLEJIBLZATN-UHFFFAOYSA-N,SNWZRQWAYWPPOT-UHFFFAOYSA-N
32.0,Permeability,31.0,A,https://pubs.acs.org/doi/10.1021/jm200279v,31,CM,[*]N1CCC(CCN2C3CCC2CC(C3)n4c(C)nc5ccccc45)(CC1)c6ccccc6,A,68,[*]C(=O)c1cccc(c1)C(=O)OC,B,69,bad,[*]C(=O)c1cccc(c1)C(=O)N, ,70,bad,[*]C(=O)c1cccc(c1)S(=O)(=O)N,C,COC(=O)c1cccc(C(=O)N2CCC(CCN3C4CCC3CC(n3c(C)nc5ccccc53)C4)(c3ccccc3)CC2)c1,Cc1nc2ccccc2n1C1CC2CCC(C1)N2CCC1(c2ccccc2)CCN(C(=O)c2cccc(C(N)=O)c2)CC1,Cc1nc2ccccc2n1C1CC2CCC(C1)N2CCC1(c2ccccc2)CCN(C(=O)c2cccc(S(N)(=O)=O)c2)CC1,DNHRQMMBAAKVNY-UHFFFAOYSA-N,YBODQSWROIJMDW-UHFFFAOYSA-N,KQQJDLRHYDOVIR-UHFFFAOYSA-N
33.0,Permeability,42.0,A,https://www.sciencedirect.com/science/article/pii/S0968089622000499,42,CM,[*]c1ccc(Nc2ncc(OCc3c(F)c(OC)cc(OC)c3F)cn2)cc1OC,A,7b,[*]N1CCN(C)CC1,B,1,medium,[*]N1CCC(CC1)N2CCN(C)CC2, ,7a,bad,[*]N1CCN(CC1)C2CCN(C)CC2,C,COc1cc(Nc2ncc(OCc3c(F)c(OC)cc(OC)c3F)cn2)ccc1N1CCN(C)CC1,COc1cc(Nc2ncc(OCc3c(F)c(OC)cc(OC)c3F)cn2)ccc1N1CCC(N2CCN(C)CC2)CC1,COc1cc(Nc2ncc(OCc3c(F)c(OC)cc(OC)c3F)cn2)ccc1N1CCN(C2CCN(C)CC2)CC1,ZNKAWHBEDZZJIA-UHFFFAOYSA-N,SYBLMCUTGSQYDI-UHFFFAOYSA-N,ZVGJGBMHRSDNIT-UHFFFAOYSA-N
34.0,hERG,48.0,C,https://pubs.acs.org/doi/10.1021/acsmedchemlett.1c00660,48,CM,[*]NC(=O)C1=CC=CN2C(=O)c3ccc4ccccc4c3N=C12,C,40,[*]CCN1CCN(C)CC1,B,31,bad,[*]CCN1CCCC1, ,39,bad,[*]CCN1CCCCC1,A,CN1CCN(CCNC(=O)c2cccn3c(=O)c4ccc5ccccc5c4nc23)CC1,O=C(NCCN1CCCC1)c1cccn2c(=O)c3ccc4ccccc4c3nc12,O=C(NCCN1CCCCC1)c1cccn2c(=O)c3ccc4ccccc4c3nc12,BBQUXUNDPXTIJV-UHFFFAOYSA-N,NYGRZGUFWCNCCR-UHFFFAOYSA-N,BACAFWUTNOGATK-UHFFFAOYSA-N
35.0,hERG,9.0,B,https://pubs.acs.org/doi/full/10.1021/acs.jmedchem.6b01834,9,CM,[H]C1=CC=CC(=C1)C1=CC=C(-*)C2=C1C=C(NC(=O)NCC)N=C2,B,69,*-NC(=O)N1CCNCC1,A,70,medium,	CN1CCN(CC1)C(=O)O-*, ,71,bad,*-NC(=O)N1CCN(CC2CC2)CC1,C,CCNC(=O)Nc1cc(C(=CC=CNC(=O)N2CCNCC2)c2ccccc2)ccn1,CCNC(=O)Nc1cc(C(=CC=COC(=O)N2CCN(C)CC2)c2ccccc2)ccn1,CCNC(=O)Nc1cc(C(=CC=CNC(=O)N2CCN(CC3CC3)CC2)c2ccccc2)ccn1,OCFBZISHRYWJMT-UHFFFAOYSA-N,WBMZTPQGXXOKQD-UHFFFAOYSA-N,LXSRTAXFMDBJBM-UHFFFAOYSA-N
36.0,hERG,18.0,B,https://pubs.acs.org/doi/10.1021/acs.jmedchem.1c01215,18,CM,[*]c1noc(n1)c2nnn(Cc3ccc(CN4CCOCC4)cc3)c2N,B,17g,[*]c1c(C)onc1C,A,17a,medium,[*]c1ccccc1, ,17b,bad,[*]c1ccccc1OC,C,Cc1noc(C)c1-c1noc(-c2nnn(Cc3ccc(CN4CCOCC4)cc3)c2N)n1,Nc1c(-c2nc(-c3ccccc3)no2)nnn1Cc1ccc(CN2CCOCC2)cc1,COc1ccccc1-c1noc(-c2nnn(Cc3ccc(CN4CCOCC4)cc3)c2N)n1,RQGZDZJWCVDORL-UHFFFAOYSA-N,PHVGCHKLSAAFGH-UHFFFAOYSA-N,MQTZNPXQVVCCIC-UHFFFAOYSA-N
37.0,hERG,35.0,A,https://www.sciencedirect.com/science/article/pii/S0960894X12001114,35,CM,[*]Oc1cc2C(=O)N(CC3CCCN(C3)C(C)C)C(=Nc2cn1)C,A,39,[*]c1cccc2cccnc12,B,26,bad,[*]c1ccc(Cl)cc1F, ,28,bad,[*]c1ccc2ncsc2c1,C,Cc1nc2cnc(Oc3cccc4cccnc34)cc2c(=O)n1CC1CCCN(C(C)C)C1,Cc1nc2cnc(Oc3ccc(Cl)cc3F)cc2c(=O)n1CC1CCCN(C(C)C)C1,Cc1nc2cnc(Oc3ccc4ncsc4c3)cc2c(=O)n1CC1CCCN(C(C)C)C1,YKYQOSSJIYZLAT-UHFFFAOYSA-N,ONJYCUBPRIPKCO-UHFFFAOYSA-N,IAOJMVQPBCXIRY-UHFFFAOYSA-N
38.0,LogP,19.0,B,https://doi.org/10.1016/j.bmcl.2016.07.011,19,KA,[*]c1nc(cs1)c2ccc(c(F)c2)n3cnc(C)c3,B,34,[*]Nc1cc(nn1CC)C(F)(F)F,A,37,medium,[*]Nc1cc(nn1CC(F)(F)F)C(F)(F)F, ,36,medium/high,[*]Nc1cc(nn1CC(F)(F)F)C(C)(C)C,C,CCn1nc(C(F)(F)F)cc1Nc1nc(-c2ccc(-n3cnc(C)c3)c(F)c2)cs1,Cc1cn(-c2ccc(-c3csc(Nc4cc(C(F)(F)F)nn4CC(F)(F)F)n3)cc2F)cn1,Cc1cn(-c2ccc(-c3csc(Nc4cc(C(C)(C)C)nn4CC(F)(F)F)n3)cc2F)cn1,JYVPKNQECOIZTQ-UHFFFAOYSA-N,KHKKPDMEQCQQKW-UHFFFAOYSA-N,JSMAYSMMXGJWGO-UHFFFAOYSA-N
39.0,LogP,15.0,A,http://dx.doi.org/10.1016/j.bmcl.2013.09.090,15,KA,[*]Oc1ccc2CCN(CCCC)CCc2c1,A,27,[*]c1ccc(cn1)N2CCOC2=O,B,28,Medium,[*]c1ccc(cn1)N2CCN(C)C2=O, ,25,medium,[*]c1ccc(cn1)c2ccn[nH]2,C,CCCCN1CCc2ccc(Oc3ccc(N4CCOC4=O)cn3)cc2CC1,CCCCN1CCc2ccc(Oc3ccc(N4CCN(C)C4=O)cn3)cc2CC1,CCCCN1CCc2ccc(Oc3ccc(-c4ccn[nH]4)cn3)cc2CC1,ZNSFHCWFDSOVDK-UHFFFAOYSA-N,FEWQUEULXRZEIJ-UHFFFAOYSA-N,FAOHIMQNLFQQSF-UHFFFAOYSA-N
40.0,LogP,19.0,C,https://doi.org/10.1016/j.bmcl.2016.07.011,19,KA,[*]c1nc(cs1)c2ccc(c(F)c2)n3cnc(C)c3,C,23,[*]Nc1c2CCCCc2nn1CCO,B,18,medium,[*]Nc1c2CCCCc2nn1CCN3CCOCC3, ,17,medium,[*]Nc1c2CCCCc2nn1CCN3CCCCC3,A,Cc1cn(-c2ccc(-c3csc(Nc4c5c(nn4CCO)CCCC5)n3)cc2F)cn1,Cc1cn(-c2ccc(-c3csc(Nc4c5c(nn4CCN4CCOCC4)CCCC5)n3)cc2F)cn1,Cc1cn(-c2ccc(-c3csc(Nc4c5c(nn4CCN4CCCCC4)CCCC5)n3)cc2F)cn1,IGNYKIASWMDUSB-UHFFFAOYSA-N,LAMRUMHAYZVGQN-UHFFFAOYSA-N,HFTAKVMICDACAT-UHFFFAOYSA-N
41.0,LogD,36.0,C,https://www.sciencedirect.com/science/article/pii/S0960894X13009396,36,CM,[*]n1cc(cn1)c2cnc3ccc(NC4CCN(C)CC4)nn23,C,24,[*]c1ncccc1F,B,22,medium,[*]c1ccc(Cl)cc1F, ,16,bad,[*]c1ccccc1F,A,CN1CCC(Nc2ccc3ncc(-c4cnn(-c5ncccc5F)c4)n3n2)CC1,CN1CCC(Nc2ccc3ncc(-c4cnn(-c5ccc(Cl)cc5F)c4)n3n2)CC1,CN1CCC(Nc2ccc3ncc(-c4cnn(-c5ccccc5F)c4)n3n2)CC1,GRQCEUVWERREAF-UHFFFAOYSA-N,DXYKRISNSWEFGC-UHFFFAOYSA-N,CWVVEXBUSGZVAJ-UHFFFAOYSA-N
42.0,LogD,16.0,A,https://doi.org/10.1021/acs.jmedchem.6b00070,16,KA,[*]N1CCC(CC1)c2ccc(OCCN3CCN(C)C(=O)[C@H]3C)cc2,A,12,[*]c1ccc2nnc(SC)n2n1,B,11,low/med,[*]c1ccc2nnc(Cl)n2n1, ,8,medium,[*]c1ccc2nnc(n2n1)C(F)(F)F,C,CSc1nnc2ccc(N3CCC(c4ccc(OCCN5CCN(C)C(=O)[C@H]5C)cc4)CC3)nn12,C[C@@H]1C(=O)N(C)CCN1CCOc1ccc(C2CCN(c3ccc4nnc(Cl)n4n3)CC2)cc1,C[C@@H]1C(=O)N(C)CCN1CCOc1ccc(C2CCN(c3ccc4nnc(C(F)(F)F)n4n3)CC2)cc1,KTXYHHWRRROJQB-GOSISDBHSA-N,IPCCFHHXDRGUOQ-QGZVFWFLSA-N,WSBWHGADLWNJIK-QGZVFWFLSA-N
43.0,Solubility,12.0,C,http://dx.doi.org/10.1016/j.bmcl.2016.09.043,12,CM,CN1C(NCCC2=CC=C(-*)C=C2)=NC2=C(C=CC(Cl)=C2)C1=O,C,29,*-C1=NC=CC=N1,B,30,bad,FC1=CN=C(-*)N=C1, ,32,medium,COC1=CN=C(-*)N=C1,A,C=CC(=CC=Cc1ncccn1)CCNc1nc2cc(Cl)ccc2c(=O)n1C,C=CC(=CC=CC=NC=C(F)C=N)CCNc1nc2cc(Cl)ccc2c(=O)n1C,C=CC(=CC=CC=NC=C(C=N)OC)CCNc1nc2cc(Cl)ccc2c(=O)n1C,AXVCYUZENCDMAE-UHFFFAOYSA-N,ZXAWWWRWHPGGME-UHFFFAOYSA-N,RBJLVMRUJSZHHF-UHFFFAOYSA-N
44.0,Solubility,25.0,A,S-Protected Cysteine Sulfoxide-Enabled Tryptophan-Selective Modification with Application to Peptide Lipidation | ACS Medicinal Chemistry Letters,25,KA,[*]Nc1nc(N)nc(COc2cc(C)cc(c2)N3CCCC3=O)n1,A,94,[*]CC(N1CCCC1)c2cccc(Cl)c2,B,91,low,[*]CC(OC)c1cccc(Cl)c1, ,92,low,[*]C(Cc1cccc(Cl)c1)C2CC2,C,Cc1cc(OCc2nc(N)nc(NCC(c3cccc(Cl)c3)N3CCCC3)n2)cc(N2CCCC2=O)c1,COC(CNc1nc(N)nc(COc2cc(C)cc(N3CCCC3=O)c2)n1)c1cccc(Cl)c1,Cc1cc(OCc2nc(N)nc(NC(Cc3cccc(Cl)c3)C3CC3)n2)cc(N2CCCC2=O)c1,HLNBUSZIJCJBHE-UHFFFAOYSA-N,IJJKCIKIKDSAAT-UHFFFAOYSA-N,CBDZJFRJBOQICT-UHFFFAOYSA-N
45.0,Solubility,46.0,A,https://pubs.acs.org/doi/10.1021/jm101356p,46,CM,[*]C1=CC(=O)c2c(O1)ccc3ccccc23,A,16,[*]c1c(C)cccc1C,B,14,medium,[*]c1ccccc1, ,19,bad,[*]c1ccccc1OC,C,Cc1cccc(C)c1-c1cc(=O)c2c(ccc3ccccc32)o1,O=c1cc(-c2ccccc2)oc2ccc3ccccc3c12,COc1ccccc1-c1cc(=O)c2c(ccc3ccccc32)o1,ZPCAYLZYHOXXJR-UHFFFAOYSA-N,OUGIDAPQYNCXRA-UHFFFAOYSA-N,PCTZJHHURYBJOH-UHFFFAOYSA-N
46.0,Solubility,7.0,A,https://pubs.acs.org/doi/10.1021/acs.jmedchem.9b00362,7,KA,[*]NCC1=Cc2cc(Cl)ccc2NC1=O,A,26,[*]c1ccc(C#N)c(O)c1,B,32,medium,[*]c1ccc(C#N)c(C)n1, ,31,low,[*]c1ccc(C#N)c(c1)C(F)(F)F,C,N#Cc1ccc(NCc2cc3cc(Cl)ccc3[nH]c2=O)cc1O,Cc1nc(NCc2cc3cc(Cl)ccc3[nH]c2=O)ccc1C#N,N#Cc1ccc(NCc2cc3cc(Cl)ccc3[nH]c2=O)cc1C(F)(F)F,VDYPXURCTYLBFX-UHFFFAOYSA-N,BPIFALCAPCGTGS-UHFFFAOYSA-N,OBQGWFJLHSLUJJ-UHFFFAOYSA-N
47.0,Solubility,12.0,A,http://dx.doi.org/10.1016/j.bmcl.2016.09.043,12,CM,CN1C(NCC-*)=NC2=C(C=CC(Cl)=C2)C1=O,A,19,[*]c1ccc(OC)nc1,B,18,good/medium,[*]c1ccc(cc1)N2CCOCC2, ,10,medium,[*]c1ccc(OC)cc1,C,COc1ccc(CCNc2nc3cc(Cl)ccc3c(=O)n2C)cn1,Cn1c(NCCc2ccc(N3CCOCC3)cc2)nc2cc(Cl)ccc2c1=O,COc1ccc(CCNc2nc3cc(Cl)ccc3c(=O)n2C)cc1,HFVDLOICFTWXSP-UHFFFAOYSA-N,ITUQTYPWBFMQOR-UHFFFAOYSA-N,WLPNUPAOSDQBTC-UHFFFAOYSA-N
48.0,Solubility,16.0,C,https://doi.org/10.1021/acs.jmedchem.6b00070,16,KA,[*]N1CCC(CC1)c2ccc(OCCN3CCN(C)C(=O)[C@H]3C)cc2,C,10,[*]c1ccc2nnc(C)n2n1,B,11,low,[*]c1ccc2nnc(Cl)n2n1, ,8,low,[*]c1ccc2nnc(n2n1)C(F)(F)F,A,Cc1nnc2ccc(N3CCC(c4ccc(OCCN5CCN(C)C(=O)[C@H]5C)cc4)CC3)nn12,C[C@@H]1C(=O)N(C)CCN1CCOc1ccc(C2CCN(c3ccc4nnc(Cl)n4n3)CC2)cc1,C[C@@H]1C(=O)N(C)CCN1CCOc1ccc(C2CCN(c3ccc4nnc(C(F)(F)F)n4n3)CC2)cc1,XSUMFWATWKFKKX-GOSISDBHSA-N,IPCCFHHXDRGUOQ-QGZVFWFLSA-N,WSBWHGADLWNJIK-QGZVFWFLSA-N
49.0,Permeability,3.0,A,dx.doi.org/10.1021/jm300967g,3,CM,*-C1=NC2=C(N=NN2CC2=CC=C3N=CC=CC3=C2)N=C1,A,51,[*]OCCN(C)C,B,46,bad,[*]NCCO, ,47,bad,CN(C)CCN-*,C,CN(C)CCOc1cnc2nnn(Cc3ccc4ncccc4c3)c2n1,OCCNc1cnc2nnn(Cc3ccc4ncccc4c3)c2n1,CN(C)CCNc1cnc2nnn(Cc3ccc4ncccc4c3)c2n1,XCECIQOQNJBRNC-UHFFFAOYSA-N,HBZSJPZNEMQXCF-UHFFFAOYSA-N,FRGBZZPUEOIMQH-UHFFFAOYSA-N
50.0,Permeability,6.0,B,https://doi.org/10.1021/acsmedchemlett.7b00312,6,CM,[H][C@@]12CN(C[C@]1([H])C2CNC(=O)C1=CC=C2NC(=O)OC2=C1)C(-*)=O,B,3,ClC1=CC(CO-*)=CC(Cl)=C1,A,5,medium,ClC1=CC(CC-*)=CC(Cl)=C1, ,7,bad,ClC1=CC(CN-*)=CC(Cl)=C1,C,CN1C[C@@H]2C(CNC(=O)c3ccc4[nH]c(=O)oc4c3)[C@@H]2C1.OOCc1cc(Cl)cc(Cl)c1,CN1C[C@@H]2C(CNC(=O)c3ccc4[nH]c(=O)oc4c3)[C@@H]2C1.OCCc1cc(Cl)cc(Cl)c1,CN1C[C@@H]2C(CNC(=O)c3ccc4[nH]c(=O)oc4c3)[C@@H]2C1.ONCc1cc(Cl)cc(Cl)c1,MOZNXYPMFBVBRR-VVJOLFOZSA-N,QGGBHJWIUCTSEF-VVJOLFOZSA-N,XXKFESTXSJOJLJ-VVJOLFOZSA-N
51.0,Permeability,5.0,C,http://dx.doi.org/10.1016/j.bmcl.2012.04.131,5,CM,COC1=CC(=CC=C1NC1=NC(NC2CCCCC2)=C2N=CNC2=N1)N1CCC(-*)CC1,C,36,*-CC(=O)N1CCCC1,B,29,bad,CN(C)C1CCN(C1)C(-*)=O, ,33,medium,CN1CCN(CC1)C(=O)C-*,A,CCN(CCCCC(=O)N1CCCC1)c1ccc(Nc2nc(NC3CCCCC3)c3nc[nH]c3n2)c(OC)c1,CCN(CCCO)c1ccc(Nc2nc(NC3CCCCC3)c3nc[nH]c3n2)c(OC)c1.CN1CCC(N(C)C)C1,CCN(CCCCC(=O)N1CCN(C)CC1)c1ccc(Nc2nc(NC3CCCCC3)c3nc[nH]c3n2)c(OC)c1,QQYYICOCKAUVSD-UHFFFAOYSA-N,YEYUDSCPXXPLEC-UHFFFAOYSA-N,BGSLVZOASXRXAH-UHFFFAOYSA-N
52.0,hERG,47.0,C,https://pubs.acs.org/doi/10.1021/acsmedchemlett.2c00172,47,CM,[*]N1C(=O)N(C)c2cnc(Nc3cc4cccnc4cc3C)nc12,C,18,[*]C1CNCC1F,B,12,bad,[*]C1CCN(C)C1, ,7,bad,[*]C1CCN(C)CC1,A,Cc1cc2ncccc2cc1Nc1ncc2c(n1)n(C1CNCC1F)c(=O)n2C,Cc1cc2ncccc2cc1Nc1ncc2c(n1)n(C1CCN(C)C1)c(=O)n2C,Cc1cc2ncccc2cc1Nc1ncc2c(n1)n(C1CCN(C)CC1)c(=O)n2C,VHGGSMHLKWIQAF-UHFFFAOYSA-N,BKFQDJSERMBSAM-UHFFFAOYSA-N,FDMMYUOTNSORRO-UHFFFAOYSA-N
53.0,hERG,13.0,A,https://doi.org/10.1016/j.bmcl.2010.12.123,13,KA,[*]NC(=O)[C@H](C1CCCCC1)n2c(nc3cc(F)c(F)cc23)c4ccc(Cl)cc4,A,7g,[*]c1ccc(cc1F)C(=O)[O-],B,7d,average,[*]C1CCC(CC1)C(=O)[O-], ,7h,average,[*]c1ccc(cc1Cl)C(=O)[O-],C,O=C([O-])c1ccc(NC(=O)[C@H](C2CCCCC2)n2c(-c3ccc(Cl)cc3)nc3cc(F)c(F)cc32)c(F)c1,O=C([O-])C1CCC(NC(=O)[C@H](C2CCCCC2)n2c(-c3ccc(Cl)cc3)nc3cc(F)c(F)cc32)CC1,O=C([O-])c1ccc(NC(=O)[C@H](C2CCCCC2)n2c(-c3ccc(Cl)cc3)nc3cc(F)c(F)cc32)c(Cl)c1,DGVNGMXASUNRAO-VWLOTQADSA-M,NJQWANVVYVPHJE-WNEJPSKBSA-M,OLLRSJLKNAIFCJ-VWLOTQADSA-M
54.0,hERG,31.0,C,https://pubs.acs.org/doi/10.1021/jm200279v,31,CM,[*]N1CCC(CCN2C3CCC2CC(C3)n4c(C)nc5ccccc45)(CC1)c6ccccc6,C,62,[*]C(=O)c1ccc2c(CC(=O)NS2(=O)=O)c1,B,68,bad,[*]C(=O)c1cccc(c1)C(=O)OC, ,70,medium,[*]C(=O)c1cccc(c1)S(=O)(=O)N,A,Cc1nc2ccccc2n1C1CC2CCC(C1)N2CCC1(c2ccccc2)CCN(C(=O)c2ccc3c(c2)CC(=O)NS3(=O)=O)CC1,COC(=O)c1cccc(C(=O)N2CCC(CCN3C4CCC3CC(n3c(C)nc5ccccc53)C4)(c3ccccc3)CC2)c1,Cc1nc2ccccc2n1C1CC2CCC(C1)N2CCC1(c2ccccc2)CCN(C(=O)c2cccc(S(N)(=O)=O)c2)CC1,WZXVNTZDYONMKR-UHFFFAOYSA-N,DNHRQMMBAAKVNY-UHFFFAOYSA-N,KQQJDLRHYDOVIR-UHFFFAOYSA-N
55.0,hERG,37.0,A,https://www.sciencedirect.com/science/article/pii/S0960894X14000286,37,CM,[*]c1oc(nn1)c2nc(Cl)c(nc2N)N3CCN(C(CC)C3)C4CCN(CC4)C(=O)c5ccc(Cl)nc5N,A,3c,[*]N,B,3e,bad,[*]N(C)C, ,3a,bad,[*]C1CC1,C,CCC1CN(c2nc(N)c(-c3nnc(N)o3)nc2Cl)CCN1C1CCN(C(=O)c2ccc(Cl)nc2N)CC1,CCC1CN(c2nc(N)c(-c3nnc(N(C)C)o3)nc2Cl)CCN1C1CCN(C(=O)c2ccc(Cl)nc2N)CC1,CCC1CN(c2nc(N)c(-c3nnc(C4CC4)o3)nc2Cl)CCN1C1CCN(C(=O)c2ccc(Cl)nc2N)CC1,ZCLNYBIWYSEZGG-UHFFFAOYSA-N,IRFUWVMQSIYRNE-UHFFFAOYSA-N,NIXRVIKDVDAZGO-UHFFFAOYSA-N
56.0,LogP,34.0,A,https://www.sciencedirect.com/science/article/pii/S0223523417307997,34,CM,[*]Nc1ncnc2ccc(cc12)c3cccc(c3)N4CCOCC4,A,10a,[*]C1=NC(=O)NC=C1,B,9u,bad,[*]c1ncc(F)s1, ,9p,medium,[*]c1onc(C)c1,C,O=c1nc(Nc2ncnc3ccc(-c4cccc(N5CCOCC5)c4)cc23)cc[nH]1,Fc1cnc(Nc2ncnc3ccc(-c4cccc(N5CCOCC5)c4)cc23)s1,Cc1cc(Nc2ncnc3ccc(-c4cccc(N5CCOCC5)c4)cc23)on1,LUDKCPIAEKVUQP-UHFFFAOYSA-N,VXIOINBQFSHWBC-UHFFFAOYSA-N,PCXYFTZRCKMCOM-UHFFFAOYSA-N
57.0,LogP,28.0,A,https://doi.org/10.1021/acs.jmedchem.1c00820,28,KA,[*]N1N=Nc2ccccc2C1=O,A,42,[*]CC(=O)N[C@@H](C)c1nccs1,B,21,medium,[*]CC(=O)N[C@@H](C)c1ccc(C)cc1, ,45,medium/high,[*]CC(=O)O[C@@H](C)c1ccc(C)cc1,C,C[C@H](NC(=O)Cn1nnc2ccccc2c1=O)c1nccs1,Cc1ccc([C@H](C)NC(=O)Cn2nnc3ccccc3c2=O)cc1,Cc1ccc([C@H](C)OC(=O)Cn2nnc3ccccc3c2=O)cc1,ZGFHCSSSEPGNFT-VIFPVBQESA-N,AMRDWWMUNNALHK-ZDUSSCGKSA-N,DXHRMQFOSJBNFN-ZDUSSCGKSA-N
58.0,LogP,34.0,C,https://www.sciencedirect.com/science/article/pii/S0223523417307997,34,CM,[*]c1ccc2ncnc(Nc3ccc(OCc4cccc(F)c4)c(Cl)c3)c2c1,C,21,[*]NC(=O)CN1CCOCC1,B,2,bad,[*]c1cccc(c1)N2CCOCC2, ,17,bad,[*]c1nccc(n1)N2CCOCC2,A,O=C(CN1CCOCC1)Nc1ccc2ncnc(Nc3ccc(OCc4cccc(F)c4)c(Cl)c3)c2c1,Fc1cccc(COc2ccc(Nc3ncnc4ccc(-c5cccc(N6CCOCC6)c5)cc34)cc2Cl)c1,Fc1cccc(COc2ccc(Nc3ncnc4ccc(-c5nccc(N6CCOCC6)n5)cc34)cc2Cl)c1,LAQYAAXZGKIYMG-UHFFFAOYSA-N,FYFNJJQUMONMPL-UHFFFAOYSA-N,RIUXVQCYPYANMM-UHFFFAOYSA-N
59.0,LogD,14.0,C,https://pubs.acs.org/doi/10.1021/acsmedchemlett.5b00117,14,CM,[*]c1nnc2[C@@H](C)N(CCn12)C(=O)c3ccc(F)cc3,C,9,[*]c1nnc(C)s1,B,13,medium,[*]c1ncns1, ,16,bad,[*]c1nc(ns1)C(F)(F)F,A,Cc1nnc(-c2nnc3n2CCN(C(=O)c2ccc(F)cc2)[C@@H]3C)s1,C[C@@H]1c2nnc(-c3ncns3)n2CCN1C(=O)c1ccc(F)cc1,C[C@@H]1c2nnc(-c3nc(C(F)(F)F)ns3)n2CCN1C(=O)c1ccc(F)cc1,CAIWJHRYFVPEML-SECBINFHSA-N,VLHNGOVFBBNFFJ-SECBINFHSA-N,RLKUYZTZCXMODG-MRVPVSSYSA-N
60.0,LogD,9.0,A,https://pubs.acs.org/doi/full/10.1021/acs.jmedchem.6b01834,9,CM,[H]C1=CC=CC(=C1)C1=CC=C(-*)C2=C1C=C(NC(=O)NCC)N=C2,A,62,CNCCOC(=O)N-*,B,54,bad,CC(C)(C)CNCCOC(=O)N-*, ,61,bad,OCCOC(=O)N-*,C,CCNC(=O)Nc1cc(C(=CC=CNC(=O)OCCNC)c2ccccc2)ccn1,CCNC(=O)Nc1cc(C(=CC=CNC(=O)OCCNCC(C)(C)C)c2ccccc2)ccn1,CCNC(=O)Nc1cc(C(=CC=CNC(=O)OCCO)c2ccccc2)ccn1,QZQNHCRLEVNKQB-UHFFFAOYSA-N,HJGKYWNEZDNAJI-UHFFFAOYSA-N,PCGQABKHXOVNAI-UHFFFAOYSA-N
61.0,LogD,13.0,C,https://doi.org/10.1016/j.bmcl.2010.12.123,13,KA,[*]NC(=O)[C@H](C1CCCCC1)n2c(nc3cc(F)c(F)cc23)c4ccc(Cl)cc4,C,7p,[*][C@@H]1CCC(CC1F)OCCCC(=O)[O-],B,7d,medium,[*]C1CCC(CC1)C(=O)[O-], ,7b,high,[*][C@@H]1CC[C@@H](O)CC1,A,O=C([O-])CCCOC1CC[C@@H](NC(=O)[C@H](C2CCCCC2)n2c(-c3ccc(Cl)cc3)nc3cc(F)c(F)cc32)C(F)C1,O=C([O-])C1CCC(NC(=O)[C@H](C2CCCCC2)n2c(-c3ccc(Cl)cc3)nc3cc(F)c(F)cc32)CC1,O=C(N[C@H]1CC[C@H](O)CC1)[C@H](C1CCCCC1)n1c(-c2ccc(Cl)cc2)nc2cc(F)c(F)cc21,KNGBHRDULRMPQX-NSHQLWKHSA-M,NJQWANVVYVPHJE-WNEJPSKBSA-M,ULCPSNSFZVTANO-RLSLOFABSA-N
62.0,Solubility,29.0,B,https://doi.org/10.1021/acs.jmedchem.8b01333,29,CM,FC1=C(C=C(C=C1)C1=NC2=C(N1)C=C(N-*)N=C2)C(F)(F)F,B,7,*-NC1=NC=CC(=C1)N1CCNCC1,A,9,bad,*-NC1=NC=C(C=C1)N1CCN(CC1)C1CC1, ,11,bad,C[C@H]1CN(C[C@@H](C)O1)C1=CN=C(N-*)C=C1,C,Fc1ccc(-c2nc3cnc(NNc4cc(N5CCNCC5)ccn4)cc3[nH]2)cc1C(F)(F)F,Fc1ccc(-c2nc3cnc(NNc4ccc(N5CCN(C6CC6)CC5)cn4)cc3[nH]2)cc1C(F)(F)F,C[C@@H]1CN(c2ccc(NNc3cc4[nH]c(-c5ccc(F)c(C(F)(F)F)c5)nc4cn3)nc2)C[C@H](C)O1,YVIWBIOIEKVCHQ-UHFFFAOYSA-N,OZLKYDUZSDZXPV-UHFFFAOYSA-N,UAHMHZFVNVONHK-OKILXGFUSA-N
63.0,Solubility,10.0,C,https://pubs.acs.org/doi/epdf/10.1021/acs.jmedchem.1c00696,10,KA,[*]N(C1CC(C1)c2ccc(C)nc2OC)c3ccc(Br)c(Cl)c3,C,72,[*]C1CCCNCC1,B,67,medium,[*]C1CCN(CC1)C(=O)C, ,75,medium,[*]C1C2CCC1CNC2,A,COc1nc(C)ccc1C1CC(N(c2ccc(Br)c(Cl)c2)C2CCCNCC2)C1,COc1nc(C)ccc1C1CC(N(c2ccc(Br)c(Cl)c2)C2CCN(C(C)=O)CC2)C1,COc1nc(C)ccc1C1CC(N(c2ccc(Br)c(Cl)c2)C2C3CCC2CNC3)C1,FDNGRCAFYQPOGH-UHFFFAOYSA-N,LTAUWJKARRPMND-UHFFFAOYSA-N,HSESKKUIKCNJKJ-UHFFFAOYSA-N
64.0,Solubility,12.0,C,http://dx.doi.org/10.1016/j.bmcl.2016.09.043,12,CM,CN1C(NCCC2=CC=C(-*)C=C2)=NC2=C(C=CC(Cl)=C2)C1=O,C,24,*-C1=CC=CC=N1,B,22,bad,FC1=CC=C(-*)C=C1, ,25,medium,FC1=CC=C(-*)N=C1,A,C=CC(=CC=Cc1ccccn1)CCNc1nc2cc(Cl)ccc2c(=O)n1C,C=CC(F)=CC=CC=CC=C(C=C)CCNc1nc2cc(Cl)ccc2c(=O)n1C,C=CC(=CC=CC=CC=C(F)C=N)CCNc1nc2cc(Cl)ccc2c(=O)n1C,JZVXXGVXVYJAOO-UHFFFAOYSA-N,KMBLMBQRBLNOFM-UHFFFAOYSA-N,ZTOOHUSLYUZCET-UHFFFAOYSA-N
65.0,Solubility,16.0,B,https://doi.org/10.1021/acs.jmedchem.6b00070,16,KA,[*]CCOc1ccc(cc1)C2CCN(CC2)c3ccc4nnc(OC)n4n3,B,13,[*]N1CCN(C)C(=O)[C@H]1C,A,15,low/med,[*]N1CCN(C)C(=O)[C@@H]1C, ,17,Medium,[*]N1C[C@@H](C)N([C@@H](C)C1)C(=O)C,C,COc1nnc2ccc(N3CCC(c4ccc(OCCN5CCN(C)C(=O)[C@H]5C)cc4)CC3)nn12,COc1nnc2ccc(N3CCC(c4ccc(OCCN5CCN(C)C(=O)[C@@H]5C)cc4)CC3)nn12,COc1nnc2ccc(N3CCC(c4ccc(OCCN5C[C@@H](C)N(C(C)=O)[C@@H](C)C5)cc4)CC3)nn12,RSMYFSPOTCDHHJ-GOSISDBHSA-N,RSMYFSPOTCDHHJ-SFHVURJKSA-N,WCHWTOROEXAJLX-BGYRXZFFSA-N
66.0,Solubility,29.0,C,https://doi.org/10.1021/acs.jmedchem.8b01333,29,CM,FC(F)(F)C1=CC=CC(=C1)C1=NC2=C(N1)C=C(N-*)N=C2,C,15,*-NC1=NC=C(C=C1)N1CCN(CC2CC2)CC1,B,17,bad,*-NC1=NC=C(C=C1)N1CCOCC1, ,13,medium,CN1CCN(CC1)C1=CN=C(N-*)C=C1,A,FC(F)(F)c1cccc(-c2nc3cnc(NNc4ccc(N5CCN(CC6CC6)CC5)cn4)cc3[nH]2)c1,FC(F)(F)c1cccc(-c2nc3cnc(NNc4ccc(N5CCOCC5)cn4)cc3[nH]2)c1,CN1CCN(c2ccc(NNc3cc4[nH]c(-c5cccc(C(F)(F)F)c5)nc4cn3)nc2)CC1,VPPOKBXUHZEBCH-UHFFFAOYSA-N,HZQZHTIVULWUQV-UHFFFAOYSA-N,OMWRMOZUGKHYAG-UHFFFAOYSA-N
67.0,Solubility,13.0,A,https://doi.org/10.1016/j.bmcl.2010.12.123,13,KA,[*]NC(=O)[C@H](C1CCCCC1)n2c(nc3cc(F)c(F)cc23)c4ccc(Cl)cc4,A,7c,[*][C@@H]1CC[C@H](CC1)C(=O)[O-],B,7i,medium,[*][C@@H]1CC[C@H](CC1C)C(=O)[O-], ,7a,medium,[*]C1CCCCC1,C,O=C(N[C@H]1CC[C@H](C(=O)[O-])CC1)[C@H](C1CCCCC1)n1c(-c2ccc(Cl)cc2)nc2cc(F)c(F)cc21,CC1C[C@H](C(=O)[O-])CC[C@H]1NC(=O)[C@H](C1CCCCC1)n1c(-c2ccc(Cl)cc2)nc2cc(F)c(F)cc21,O=C(NC1CCCCC1)[C@H](C1CCCCC1)n1c(-c2ccc(Cl)cc2)nc2cc(F)c(F)cc21,NJQWANVVYVPHJE-KHOMTPLRSA-M,FWWMYJCZDWGLCS-VRNRCKMWSA-M,YOGIUKKDKOWWHX-VWLOTQADSA-N
68.0,Solubility,40.0,C,https://www.sciencedirect.com/science/article/pii/S0960894X16306424,40,CM,[*]c1cncc(Nc2cc([nH]n2)C3CC3)n1,C,5,[*]NC(C)c1ccc2[nH]ccc2n1,B,1,medium,[*]NC(C)c1ccc2[nH]ccc2c1, ,8,medium,[*]NC(C)c1nc2cc[nH]c2cc1F,A,CC(Nc1cncc(Nc2cc(C3CC3)[nH]n2)n1)c1ccc2[nH]ccc2n1,CC(Nc1cncc(Nc2cc(C3CC3)[nH]n2)n1)c1ccc2[nH]ccc2c1,CC(Nc1cncc(Nc2cc(C3CC3)[nH]n2)n1)c1nc2cc[nH]c2cc1F,OQOHNLBDAOUDIR-UHFFFAOYSA-N,ZBNLRQARBUMZBU-UHFFFAOYSA-N,UGUZPZCQEJRGOI-UHFFFAOYSA-N
69.0,Permeability,5.0,B,http://dx.doi.org/10.1016/j.bmcl.2012.04.131,5,CM,COC1=CC(=CC=C1NC1=NC(NC2CCCCC2)=C2N=CNC2=N1)N1CCC(-*)CC1,B,31,[*]CN1CCOCC1,A,28,medium,[*]N1CCOCC1, ,30,medium,*-C(=O)N1CCOCC1,C,CCN(CCCCN1CCOCC1)c1ccc(Nc2nc(NC3CCCCC3)c3nc[nH]c3n2)c(OC)c1,CCN(CCCN1CCOCC1)c1ccc(Nc2nc(NC3CCCCC3)c3nc[nH]c3n2)c(OC)c1,CCN(CCCC(=O)N1CCOCC1)c1ccc(Nc2nc(NC3CCCCC3)c3nc[nH]c3n2)c(OC)c1,BQAZWMBPKFDGML-UHFFFAOYSA-N,PLZZSZXOIIQGNV-UHFFFAOYSA-N,TWGNJJILWLPFIB-UHFFFAOYSA-N
70.0,Permeability,30.0,A,https://doi.org/10.1021/acs.jmedchem.3c00155,30,CM,CN1C(=O)C2=C(NC(C3CC3)C(F)(F)CO2)C2=CC(NC3=C(Cl)C=NC(-*)=N3)=CC=C12,A,10,[*]N1CC(C1)OC,B,CCT3,bad,[*]N1C[C@H](C)C[C@H](O)C1, ,3,medium,[*]N1CCOCC1,C,CN=CC(Cl)=C(Nc1ccc2c(c1)c1c(c(=O)n2C)OCC(F)(F)C(C2CC2)N1)NN1CC(OC)C1,CN=CC(Cl)=C(Nc1ccc2c(c1)c1c(c(=O)n2C)OCC(F)(F)C(C2CC2)N1)NN1C[C@H](C)C[C@H](O)C1,CN=CC(Cl)=C(Nc1ccc2c(c1)c1c(c(=O)n2C)OCC(F)(F)C(C2CC2)N1)NN1CCOCC1,REKUJJDVZDEQJG-UHFFFAOYSA-N,QDWMYFKPZAOEEC-LEINNDDPSA-N,FKEDMHICMSNRNE-UHFFFAOYSA-N
71.0,Permeability,31.0,A,https://pubs.acs.org/doi/10.1021/jm200279v,31,CM,[*]N1CCC(CCN2C3CCC2CC(C3)n4c(C)nc5ccccc45)(CC1)c6ccccc6,A,74,[*]C(=O)c1cccc(c1)S(=O)(=O)N(C)C,B,73,bad,[*]C(=O)c1cccc(c1)S(=O)(=O)NC, ,70,bad,[*]C(=O)c1cccc(c1)S(=O)(=O)N,C,Cc1nc2ccccc2n1C1CC2CCC(C1)N2CCC1(c2ccccc2)CCN(C(=O)c2cccc(S(=O)(=O)N(C)C)c2)CC1,CNS(=O)(=O)c1cccc(C(=O)N2CCC(CCN3C4CCC3CC(n3c(C)nc5ccccc53)C4)(c3ccccc3)CC2)c1,Cc1nc2ccccc2n1C1CC2CCC(C1)N2CCC1(c2ccccc2)CCN(C(=O)c2cccc(S(N)(=O)=O)c2)CC1,FRIFKHCBKHZZLE-UHFFFAOYSA-N,IKVOTNFKMDYJIY-UHFFFAOYSA-N,KQQJDLRHYDOVIR-UHFFFAOYSA-N
72.0,hERG,14.0,A,https://pubs.acs.org/doi/10.1021/acsmedchemlett.5b00117,14,CM,[*]c1nnc2[C@@H](C)N(CCn12)C(=O)c3ccc(F)cc3,A,3,[*]c1nc(C)ns1,B,11,bad,[*]c1onc(C)n1, ,16,medium,[*]c1nc(ns1)C(F)(F)F,C,Cc1nsc(-c2nnc3n2CCN(C(=O)c2ccc(F)cc2)[C@@H]3C)n1,Cc1noc(-c2nnc3n2CCN(C(=O)c2ccc(F)cc2)[C@@H]3C)n1,C[C@@H]1c2nnc(-c3nc(C(F)(F)F)ns3)n2CCN1C(=O)c1ccc(F)cc1,PPSNFPASKFYPMN-SECBINFHSA-N,MRAPDPPDTOESHB-SECBINFHSA-N,RLKUYZTZCXMODG-MRVPVSSYSA-N
73.0,hERG,32.0,B,https://pubs.acs.org/doi/10.1021/jm500432n,32,CM,[*]CCN1CCC(CC1)NCc2cnc(C)c(c2)C#N,B,14,[*]N1C(=O)C=Nc2ncc(OC)cc12,A,9,bad,[*]N1C(=O)C=Cc2c(cc(OC)cc12)C#N, ,13,medium,[*]N1C(=O)C=Nc2ccc(OC)nc12,C,COc1cnc2ncc(=O)n(CCN3CCC(NCc4cnc(C)c(C#N)c4)CC3)c2c1,COc1cc(C#N)c2ccc(=O)n(CCN3CCC(NCc4cnc(C)c(C#N)c4)CC3)c2c1,COc1ccc2ncc(=O)n(CCN3CCC(NCc4cnc(C)c(C#N)c4)CC3)c2n1,OKHVIXOIPCOUGH-UHFFFAOYSA-N,LVXBUMWPFFTWIQ-UHFFFAOYSA-N,IIJVDKDQMHKCMR-UHFFFAOYSA-N
74.0,hERG,14.0,B,https://pubs.acs.org/doi/10.1021/acs.jmedchem.1c01215,14bis,CM,CC1N(CCN2C(-*)=NN=C12)C(=O)C1=CC=C(C=C1)C1=CC=CS1,B,31,[*]c1csc(C)n1,A,3,bad,[*]c1csc(n1)c2ccc(F)cc2F, ,30,medium,[*]c1cncc(C)n1,C,Cc1nc(NN=C2C(C)N(C(=O)c3ccc(-c4cccs4)cc3)CCN2C)cs1,CC1C(=NNc2csc(-c3ccc(F)cc3F)n2)N(C)CCN1C(=O)c1ccc(-c2cccs2)cc1,Cc1cncc(NN=C2C(C)N(C(=O)c3ccc(-c4cccs4)cc3)CCN2C)n1,ODVWHSWQVDHULX-UHFFFAOYSA-N,QLKFIOGQXNYXJR-UHFFFAOYSA-N,CCPWYJWMYVYQQP-UHFFFAOYSA-N
