Slide_ID;CHEMISTRY;Endpoint;ReferenceID;Correct_Answer;DOI;ID_Paper;Author;scaffold_smiles;ID_Reponse;ID_in_article;subst_smiles;total_smiles;Cpd_Level;measurement;mod;value;unit
34;Chemistry 2;hERG;48;C;https://pubs.acs.org/doi/10.1021/acsmedchemlett.1c00660;48;CM;[*]NC(=O)C1=CC=CN2C(=O)c3ccc4ccccc4c3N=C12;A;39;[*]CCN1CCCCC1;O=C(NCCN1CCCCC1)c1cccn2c(=O)c3ccc4ccccc4c3nc12;bad;IC50;;3.72;uM
34;Chemistry 1;hERG;48;C;https://pubs.acs.org/doi/10.1021/acsmedchemlett.1c00660;48;CM;[*]NC(=O)C1=CC=CN2C(=O)c3ccc4ccccc4c3N=C12;B;31;[*]CCN1CCCC1;O=C(NCCN1CCCC1)c1cccn2c(=O)c3ccc4ccccc4c3nc12;bad;IC50;;3.64;uM
34;Chemistry 0;hERG;48;C;https://pubs.acs.org/doi/10.1021/acsmedchemlett.1c00660;48;CM;[*]NC(=O)C1=CC=CN2C(=O)c3ccc4ccccc4c3N=C12;C;40;[*]CCN1CCN(C)CC1;CN1CCN(CCNC(=O)c2cccn3c(=O)c4ccc5ccccc5c4nc23)CC1;Good;IC50;>;10;uM
4;Chemistry 3;LogD;47;A;https://pubs.acs.org/doi/10.1021/acsmedchemlett.2c00172;47;CM;[*]N1C(=O)N(C)c2cnc(Nc3cc4cccnc4cc3C)nc12;A;10;[*]C1CCNCC1;Cc1cc2ncccc2cc1Nc1ncc2c(n1)n(C1CCNCC1)c(=O)n2C;Good;logD7.4;;0.5;
4;Chemistry 4;LogD;47;A;https://pubs.acs.org/doi/10.1021/acsmedchemlett.2c00172;47;CM;[*]N1C(=O)N(C)c2cnc(Nc3cc4cccnc4cc3C)nc12;B;7;[*]C1CCN(C)CC1;Cc1cc2ncccc2cc1Nc1ncc2c(n1)n(C1CCN(C)CC1)c(=O)n2C;medium;logD7.4;;1.8;
4;Chemistry 5;LogD;47;A;https://pubs.acs.org/doi/10.1021/acsmedchemlett.2c00172;47;CM;[*]N1C(=O)N(C)c2cnc(Nc3cc4cccnc4cc3C)nc12;C;16;[*]C1CN(C)CC1F;Cc1cc2ncccc2cc1Nc1ncc2c(n1)n(C1CN(C)CC1F)c(=O)n2C;medium;logD7.4;;2.1;
52;Chemistry 8;hERG;47;C;https://pubs.acs.org/doi/10.1021/acsmedchemlett.2c00172;47;CM;[*]N1C(=O)N(C)c2cnc(Nc3cc4cccnc4cc3C)nc12;A;7;[*]C1CCN(C)CC1;Cc1cc2ncccc2cc1Nc1ncc2c(n1)n(C1CCN(C)CC1)c(=O)n2C;bad;IC50;;9.7;uM
52;Chemistry 7;hERG;47;C;https://pubs.acs.org/doi/10.1021/acsmedchemlett.2c00172;47;CM;[*]N1C(=O)N(C)c2cnc(Nc3cc4cccnc4cc3C)nc12;B;12;[*]C1CCN(C)C1;Cc1cc2ncccc2cc1Nc1ncc2c(n1)n(C1CCN(C)C1)c(=O)n2C;bad;IC50;;16;uM
52;Chemistry 6;hERG;47;C;https://pubs.acs.org/doi/10.1021/acsmedchemlett.2c00172;47;CM;[*]N1C(=O)N(C)c2cnc(Nc3cc4cccnc4cc3C)nc12;C;18;[*]C1CNCC1F;Cc1cc2ncccc2cc1Nc1ncc2c(n1)n(C1CNCC1F)c(=O)n2C;Good;IC50;;75;uM
10;Chemistry 11;Solubility;46;C;https://pubs.acs.org/doi/10.1021/jm101356p;46;CM;[*]C1=CC(=O)c2c(O1)ccc3ccccc23;A;17;[*]c1ccccc1F;O=c1cc(-c2ccccc2F)oc2ccc3ccccc3c12;medium;Thermodyn. Aq. sol.;;153;ug/mL
10;Chemistry 10;Solubility;46;C;https://pubs.acs.org/doi/10.1021/jm101356p;46;CM;[*]C1=CC(=O)c2c(O1)ccc3ccccc23;B;14;[*]c1ccccc1;O=c1cc(-c2ccccc2)oc2ccc3ccccc3c12;medium;Thermodyn. Aq. sol.;;84.6;ug/mL
10;Chemistry 9;Solubility;46;C;https://pubs.acs.org/doi/10.1021/jm101356p;46;CM;[*]C1=CC(=O)c2c(O1)ccc3ccccc23;C;20;[*]c1ccccn1;O=c1cc(-c2ccccn2)oc2ccc3ccccc3c12;Good;Thermodyn. Aq. sol.;;299;ug/mL
45;Chemistry 12;Solubility;46;A;https://pubs.acs.org/doi/10.1021/jm101356p;46;CM;[*]C1=CC(=O)c2c(O1)ccc3ccccc23;A;16;[*]c1c(C)cccc1C;Cc1cccc(C)c1-c1cc(=O)c2c(ccc3ccccc32)o1;Good;Thermodyn. Aq. sol.;;1270;ug/mL
45;Chemistry 13;Solubility;46;A;https://pubs.acs.org/doi/10.1021/jm101356p;46;CM;[*]C1=CC(=O)c2c(O1)ccc3ccccc23;B;14;[*]c1ccccc1;O=c1cc(-c2ccccc2)oc2ccc3ccccc3c12;medium;Thermodyn. Aq. sol.;;84.6;ug/mL
45;Chemistry 14;Solubility;46;A;https://pubs.acs.org/doi/10.1021/jm101356p;46;CM;[*]C1=CC(=O)c2c(O1)ccc3ccccc23;C;19;[*]c1ccccc1OC;COc1ccccc1-c1cc(=O)c2c(ccc3ccccc32)o1;bad;Thermodyn. Aq. sol.;;45.8;ug/mL
1;Chemistry 15;LogP;45;A;https://pubs.acs.org/doi/10.1021/jm101094p;45;CM;[*]c1cn(CC(=O)COc2ccc(CCCCCCCC)cc2)c3ccc(cc13)C(=O)O;A;4;[*]C(=O)C;CCCCCCCCc1ccc(OCC(=O)Cn2cc(C(C)=O)c3cc(C(=O)O)ccc32)cc1;Good;logP;;5.8;
1;Chemistry 16;LogP;45;A;https://pubs.acs.org/doi/10.1021/jm101094p;45;CM;[*]c1cn(CC(=O)COc2ccc(CCCCCCCC)cc2)c3ccc(cc13)C(=O)O;B;13;[*]C(=O)C(C)(C)C;CCCCCCCCc1ccc(OCC(=O)Cn2cc(C(=O)C(C)(C)C)c3cc(C(=O)O)ccc32)cc1;bad;logP;>;7;
1;Chemistry 17;LogP;45;A;https://pubs.acs.org/doi/10.1021/jm101094p;45;CM;[*]c1cn(CC(=O)COc2ccc(CCCCCCCC)cc2)c3ccc(cc13)C(=O)O;C;34;[*]C(=O)C(F)(F)F;CCCCCCCCc1ccc(OCC(=O)Cn2cc(C(=O)C(F)(F)F)c3cc(C(=O)O)ccc32)cc1;bad;logP;>;7;
26;Chemistry 19;Solubility;45;B;https://pubs.acs.org/doi/10.1021/jm101094p;45;CM;[*]c1cn(CC(=O)COc2ccc(CCCCCCCC)cc2)c3ccc(cc13)C(=O)O;A;13;[*]C(=O)C(C)(C)C;CCCCCCCCc1ccc(OCC(=O)Cn2cc(C(=O)C(C)(C)C)c3cc(C(=O)O)ccc32)cc1;bad;Aqueous sol.;;5;ug/mL
26;Chemistry 18;Solubility;45;B;https://pubs.acs.org/doi/10.1021/jm101094p;45;CM;[*]c1cn(CC(=O)COc2ccc(CCCCCCCC)cc2)c3ccc(cc13)C(=O)O;B;12;[*]C(=O)C(C)C;CCCCCCCCc1ccc(OCC(=O)Cn2cc(C(=O)C(C)C)c3cc(C(=O)O)ccc32)cc1;Good;Aqueous sol.;;80;ug/mL
26;Chemistry 20;Solubility;45;B;https://pubs.acs.org/doi/10.1021/jm101094p;45;CM;[*]c1cn(CC(=O)COc2ccc(CCCCCCCC)cc2)c3ccc(cc13)C(=O)O;C;34;[*]C(=O)C(F)(F)F;CCCCCCCCc1ccc(OCC(=O)Cn2cc(C(=O)C(F)(F)F)c3cc(C(=O)O)ccc32)cc1;bad;Aqueous sol.;<;1;ug/mL
30;Chemistry 22;Solubility;45;B;https://pubs.acs.org/doi/10.1021/jm101094p;45;CM;[*]c1cn(CC(=O)COc2ccc(CCCCCCCC)cc2)c3ccc(cc13)C(=O)O;A;30;[*]C(=O)CCCCC(=O)O;CCCCCCCCc1ccc(OCC(=O)Cn2cc(C(=O)CCCCC(=O)O)c3cc(C(=O)O)ccc32)cc1;medium;Aqueous sol.;;194;ug/mL
30;Chemistry 21;Solubility;45;B;https://pubs.acs.org/doi/10.1021/jm101094p;45;CM;[*]c1cn(CC(=O)COc2ccc(CCCCCCCC)cc2)c3ccc(cc13)C(=O)O;B;32;[*]C(=O)c1ccc(cc1)C(=O)O;CCCCCCCCc1ccc(OCC(=O)Cn2cc(C(=O)c3ccc(C(=O)O)cc3)c3cc(C(=O)O)ccc32)cc1;Good;Aqueous sol.;;472;ug/mL
30;Chemistry 23;Solubility;45;B;https://pubs.acs.org/doi/10.1021/jm101094p;45;CM;[*]c1cn(CC(=O)COc2ccc(CCCCCCCC)cc2)c3ccc(cc13)C(=O)O;C;22;[*]C(=O)CCC(=O)O;CCCCCCCCc1ccc(OCC(=O)Cn2cc(C(=O)CCC(=O)O)c3cc(C(=O)O)ccc32)cc1;medium;Aqueous sol.;;354;ug/mL
9;Chemistry 24;Solubility;44;A;https://pubs.acs.org/doi/pdf/10.1021/jm1001088;44;CM;[*]C(=O)c1cn(CC(=O)COc2ccc(C)cc2)c3ccc(cc13)C(=O)O;A;33;[*]Oc1ccccc1;Cc1ccc(OCC(=O)Cn2cc(C(=O)Oc3ccccc3)c3cc(C(=O)O)ccc32)cc1;Good;Thermodyn. sol.;;111;ug/mL
9;Chemistry 25;Solubility;44;A;https://pubs.acs.org/doi/pdf/10.1021/jm1001088;44;CM;[*]C(=O)c1cn(CC(=O)COc2ccc(C)cc2)c3ccc(cc13)C(=O)O;B;34;[*]Oc1ccc(cc1)C(F)(F)F;Cc1ccc(OCC(=O)Cn2cc(C(=O)Oc3ccc(C(F)(F)F)cc3)c3cc(C(=O)O)ccc32)cc1;bad;Thermodyn. sol.;<;3;ug/mL
9;Chemistry 26;Solubility;44;A;https://pubs.acs.org/doi/pdf/10.1021/jm1001088;44;CM;[*]C(=O)c1cn(CC(=O)COc2ccc(C)cc2)c3ccc(cc13)C(=O)O;C;35;[*]OCCOc1ccccc1;Cc1ccc(OCC(=O)Cn2cc(C(=O)OCCOc3ccccc3)c3cc(C(=O)O)ccc32)cc1;medium;Thermodyn. sol.;;34;ug/mL
15;Chemistry 27;Permeability;42;A;https://www.sciencedirect.com/science/article/pii/S0968089622000499;42;CM;[*]CCn1cc(Nc2ncc(OCc3c(F)c(OC)cc(OC)c3F)cn2)cn1;A;27;[*]O;COc1cc(OC)c(F)c(COc2cnc(Nc3cnn(CCO)c3)nc2)c1F;Good;Pampa;;13.3;10-6cm/sec
15;Chemistry 28;Permeability;42;A;https://www.sciencedirect.com/science/article/pii/S0968089622000499;42;CM;[*]CCn1cc(Nc2ncc(OCc3c(F)c(OC)cc(OC)c3F)cn2)cn1;B;29;[*]NC1CCN(C)CC1;COc1cc(OC)c(F)c(COc2cnc(Nc3cnn(CCNC4CCN(C)CC4)c3)nc2)c1F;bad;Pampa;<;1.4;10-6cm/sec
15;Chemistry 29;Permeability;42;A;https://www.sciencedirect.com/science/article/pii/S0968089622000499;42;CM;[*]CCn1cc(Nc2ncc(OCc3c(F)c(OC)cc(OC)c3F)cn2)cn1;C;31;[*]N1CCNCC1;COc1cc(OC)c(F)c(COc2cnc(Nc3cnn(CCN4CCNCC4)c3)nc2)c1F;bad;Pampa;<;1.1;10-6cm/sec
33;Chemistry 30;Permeability;42;A;https://www.sciencedirect.com/science/article/pii/S0968089622000499;42;CM;[*]c1ccc(Nc2ncc(OCc3c(F)c(OC)cc(OC)c3F)cn2)cc1OC;A;7b;[*]N1CCN(C)CC1;COc1cc(Nc2ncc(OCc3c(F)c(OC)cc(OC)c3F)cn2)ccc1N1CCN(C)CC1;Good;Pampa;>;30;10-6cm/sec
33;Chemistry 31;Permeability;42;A;https://www.sciencedirect.com/science/article/pii/S0968089622000499;42;CM;[*]c1ccc(Nc2ncc(OCc3c(F)c(OC)cc(OC)c3F)cn2)cc1OC;B;1;[*]N1CCC(CC1)N2CCN(C)CC2;COc1cc(Nc2ncc(OCc3c(F)c(OC)cc(OC)c3F)cn2)ccc1N1CCC(N2CCN(C)CC2)CC1;medium;Pampa;;18.4;10-6cm/sec
33;Chemistry 32;Permeability;42;A;https://www.sciencedirect.com/science/article/pii/S0968089622000499;42;CM;[*]c1ccc(Nc2ncc(OCc3c(F)c(OC)cc(OC)c3F)cn2)cc1OC;C;7a;[*]N1CCN(CC1)C2CCN(C)CC2;COc1cc(Nc2ncc(OCc3c(F)c(OC)cc(OC)c3F)cn2)ccc1N1CCN(C2CCN(C)CC2)CC1;bad;Pampa;;3.5;10-6cm/sec
68;Chemistry 35;Solubility;40;C;https://www.sciencedirect.com/science/article/pii/S0960894X16306424;40;CM;[*]c1cncc(Nc2cc([nH]n2)C3CC3)n1;A;8;[*]NC(C)c1nc2cc[nH]c2cc1F;CC(Nc1cncc(Nc2cc(C3CC3)[nH]n2)n1)c1nc2cc[nH]c2cc1F;medium;Kin Aq Sol 7.4 HTS;;58;uM
68;Chemistry 34;Solubility;40;C;https://www.sciencedirect.com/science/article/pii/S0960894X16306424;40;CM;[*]c1cncc(Nc2cc([nH]n2)C3CC3)n1;B;1;[*]NC(C)c1ccc2[nH]ccc2c1;CC(Nc1cncc(Nc2cc(C3CC3)[nH]n2)n1)c1ccc2[nH]ccc2c1;medium;Kin Aq Sol 7.4 HTS;;69;uM
68;Chemistry 33;Solubility;40;C;https://www.sciencedirect.com/science/article/pii/S0960894X16306424;40;CM;[*]c1cncc(Nc2cc([nH]n2)C3CC3)n1;C;5;[*]NC(C)c1ccc2[nH]ccc2n1;CC(Nc1cncc(Nc2cc(C3CC3)[nH]n2)n1)c1ccc2[nH]ccc2n1;Good;Kin Aq Sol 7.4 HTS;;133;uM
19;Chemistry 37;hERG;39;B;https://www.sciencedirect.com/science/article/pii/S0960894X1630049X;39;CM;[*]c1cc(cc(c1)C(F)(F)F)C(=O)NC2CCc3ccc(Oc4ccnc5NC(=O)CCc45)cc3C2;A;7;[*]C1(N)CCC1;NC1(c2cc(C(=O)NC3CCc4ccc(Oc5ccnc6c5CCC(=O)N6)cc4C3)cc(C(F)(F)F)c2)CCC1;bad;IC51;;3.1;uM
19;Chemistry 36;hERG;39;B;https://www.sciencedirect.com/science/article/pii/S0960894X1630049X;39;CM;[*]c1cc(cc(c1)C(F)(F)F)C(=O)NC2CCc3ccc(Oc4ccnc5NC(=O)CCc45)cc3C2;B;14;[*]c1cn(C)cn1;Cn1cnc(-c2cc(C(=O)NC3CCc4ccc(Oc5ccnc6c5CCC(=O)N6)cc4C3)cc(C(F)(F)F)c2)c1;Good;IC50;>;100;uM
19;Chemistry 38;hERG;39;B;https://www.sciencedirect.com/science/article/pii/S0960894X1630049X;39;CM;[*]c1cc(cc(c1)C(F)(F)F)C(=O)NC2CCc3ccc(Oc4ccnc5NC(=O)CCc45)cc3C2;C;9;[*]C1(O)CNC1;O=C1CCc2c(Oc3ccc4c(c3)CC(NC(=O)c3cc(C(F)(F)F)cc(C5(O)CNC5)c3)CC4)ccnc2N1;bad;IC52;;4.9;uM
55;Chemistry 39;hERG;37;A;https://www.sciencedirect.com/science/article/pii/S0960894X14000286;37;CM;[*]c1oc(nn1)c2nc(Cl)c(nc2N)N3CCN(C(CC)C3)C4CCN(CC4)C(=O)c5ccc(Cl)nc5N;A;3c;[*]N;CCC1CN(c2nc(N)c(-c3nnc(N)o3)nc2Cl)CCN1C1CCN(C(=O)c2ccc(Cl)nc2N)CC1;Good;%inh;;7;%
55;Chemistry 40;hERG;37;A;https://www.sciencedirect.com/science/article/pii/S0960894X14000286;37;CM;[*]c1oc(nn1)c2nc(Cl)c(nc2N)N3CCN(C(CC)C3)C4CCN(CC4)C(=O)c5ccc(Cl)nc5N;B;3e;[*]N(C)C;CCC1CN(c2nc(N)c(-c3nnc(N(C)C)o3)nc2Cl)CCN1C1CCN(C(=O)c2ccc(Cl)nc2N)CC1;bad;%inh;;67;%
55;Chemistry 41;hERG;37;A;https://www.sciencedirect.com/science/article/pii/S0960894X14000286;37;CM;[*]c1oc(nn1)c2nc(Cl)c(nc2N)N3CCN(C(CC)C3)C4CCN(CC4)C(=O)c5ccc(Cl)nc5N;C;3a;[*]C1CC1;CCC1CN(c2nc(N)c(-c3nnc(C4CC4)o3)nc2Cl)CCN1C1CCN(C(=O)c2ccc(Cl)nc2N)CC1;bad;%inh;;72;%
41;Chemistry 44;LogD;36;C;https://www.sciencedirect.com/science/article/pii/S0960894X13009396;36;CM;[*]n1cc(cn1)c2cnc3ccc(NC4CCN(C)CC4)nn23;A;16;[*]c1ccccc1F;CN1CCC(Nc2ccc3ncc(-c4cnn(-c5ccccc5F)c4)n3n2)CC1;bad;mLogD;;3.4;
41;Chemistry 43;LogD;36;C;https://www.sciencedirect.com/science/article/pii/S0960894X13009396;36;CM;[*]n1cc(cn1)c2cnc3ccc(NC4CCN(C)CC4)nn23;B;22;[*]c1ccc(Cl)cc1F;CN1CCC(Nc2ccc3ncc(-c4cnn(-c5ccc(Cl)cc5F)c4)n3n2)CC1;medium;mLogD;;2.9;
41;Chemistry 42;LogD;36;C;https://www.sciencedirect.com/science/article/pii/S0960894X13009396;36;CM;[*]n1cc(cn1)c2cnc3ccc(NC4CCN(C)CC4)nn23;C;24;[*]c1ncccc1F;CN1CCC(Nc2ccc3ncc(-c4cnn(-c5ncccc5F)c4)n3n2)CC1;Good;mLogD;;1.7;
37;Chemistry 45;hERG;35;A;https://www.sciencedirect.com/science/article/pii/S0960894X12001114;35;CM;[*]Oc1cc2C(=O)N(CC3CCCN(C3)C(C)C)C(=Nc2cn1)C;A;39;[*]c1cccc2cccnc12;Cc1nc2cnc(Oc3cccc4cccnc34)cc2c(=O)n1CC1CCCN(C(C)C)C1;Good;IC50;;25.1;uM
37;Chemistry 46;hERG;35;A;https://www.sciencedirect.com/science/article/pii/S0960894X12001114;35;CM;[*]Oc1cc2C(=O)N(CC3CCCN(C3)C(C)C)C(=Nc2cn1)C;B;26;[*]c1ccc(Cl)cc1F;Cc1nc2cnc(Oc3ccc(Cl)cc3F)cc2c(=O)n1CC1CCCN(C(C)C)C1;bad;IC50;;0.13;uM
37;Chemistry 47;hERG;35;A;https://www.sciencedirect.com/science/article/pii/S0960894X12001114;35;CM;[*]Oc1cc2C(=O)N(CC3CCCN(C3)C(C)C)C(=Nc2cn1)C;C;28;[*]c1ccc2ncsc2c1;Cc1nc2cnc(Oc3ccc4ncsc4c3)cc2c(=O)n1CC1CCCN(C(C)C)C1;bad;IC50;;2.4;uM
22;Chemistry 49;LogP;34;B;https://www.sciencedirect.com/science/article/pii/S0223523417307997;34;CM;[*]Nc1ncnc2ccc(cc12)c3cccc(c3)N4CCOCC4;A;5;[*]c1ccc(OC)c(Cl)c1;COc1ccc(Nc2ncnc3ccc(-c4cccc(N5CCOCC5)c4)cc23)cc1Cl;bad;logP;;5.4;
22;Chemistry 48;LogP;34;B;https://www.sciencedirect.com/science/article/pii/S0223523417307997;34;CM;[*]Nc1ncnc2ccc(cc12)c3cccc(c3)N4CCOCC4;B;10b;[*]C1=NC(=O)NC=C1F;O=c1nc(Nc2ncnc3ccc(-c4cccc(N5CCOCC5)c4)cc23)c(F)c[nH]1;Good;logP;;2.7;
22;Chemistry 50;LogP;34;B;https://www.sciencedirect.com/science/article/pii/S0223523417307997;34;CM;[*]Nc1ncnc2ccc(cc12)c3cccc(c3)N4CCOCC4;C;9a;[*]c1ccnn1CC;CCn1nccc1Nc1ncnc2ccc(-c3cccc(N4CCOCC4)c3)cc12;medium;logP;;3.9;
56;Chemistry 51;LogP;34;A;https://www.sciencedirect.com/science/article/pii/S0223523417307997;34;CM;[*]Nc1ncnc2ccc(cc12)c3cccc(c3)N4CCOCC4;A;10a;[*]C1=NC(=O)NC=C1;O=c1nc(Nc2ncnc3ccc(-c4cccc(N5CCOCC5)c4)cc23)cc[nH]1;Good;logP;;2.5;
56;Chemistry 52;LogP;34;A;https://www.sciencedirect.com/science/article/pii/S0223523417307997;34;CM;[*]Nc1ncnc2ccc(cc12)c3cccc(c3)N4CCOCC4;B;9u;[*]c1ncc(F)s1;Fc1cnc(Nc2ncnc3ccc(-c4cccc(N5CCOCC5)c4)cc23)s1;bad;logP;;5.0;Attention erreur, structure corrigée
56;Chemistry 53;LogP;34;A;https://www.sciencedirect.com/science/article/pii/S0223523417307997;34;CM;[*]Nc1ncnc2ccc(cc12)c3cccc(c3)N4CCOCC4;C;9p;[*]c1onc(C)c1;Cc1cc(Nc2ncnc3ccc(-c4cccc(N5CCOCC5)c4)cc23)on1;medium;logP;;3.6;
58;Chemistry 56;LogP;34;C;https://www.sciencedirect.com/science/article/pii/S0223523417307997;34;CM;[*]c1ccc2ncnc(Nc3ccc(OCc4cccc(F)c4)c(Cl)c3)c2c1;A;17;[*]c1nccc(n1)N2CCOCC2;Fc1cccc(COc2ccc(Nc3ncnc4ccc(-c5nccc(N6CCOCC6)n5)cc34)cc2Cl)c1;bad;logP;;6.5;
58;Chemistry 55;LogP;34;C;https://www.sciencedirect.com/science/article/pii/S0223523417307997;34;CM;[*]c1ccc2ncnc(Nc3ccc(OCc4cccc(F)c4)c(Cl)c3)c2c1;B;2;[*]c1cccc(c1)N2CCOCC2;Fc1cccc(COc2ccc(Nc3ncnc4ccc(-c5cccc(N6CCOCC6)c5)cc34)cc2Cl)c1;bad;logP;;7.3;
58;Chemistry 54;LogP;34;C;https://www.sciencedirect.com/science/article/pii/S0223523417307997;34;CM;[*]c1ccc2ncnc(Nc3ccc(OCc4cccc(F)c4)c(Cl)c3)c2c1;C;21;[*]NC(=O)CN1CCOCC1;O=C(CN1CCOCC1)Nc1ccc2ncnc(Nc3ccc(OCc4cccc(F)c4)c(Cl)c3)c2c1;Good;logP;;4.7;
18;Chemistry 59;hERG;33;C;https://pubs.acs.org/doi/10.1021/acsmedchemlett.2c00120;33;CM;[*]C(=O)NCC1CC1c2cc(F)cc(F)c2OCc3cccnc3F;A;12;[*]N1CCC(CC1)N2CC3CCC(C2)O3;O=C(NCC1CC1c1cc(F)cc(F)c1OCc1cccnc1F)N1CCC(N2CC3CCC(C2)O3)CC1;medium;%inh @10uM;;32;
18;Chemistry 58;hERG;33;C;https://pubs.acs.org/doi/10.1021/acsmedchemlett.2c00120;33;CM;[*]C(=O)NCC1CC1c2cc(F)cc(F)c2OCc3cccnc3F;B;9;[*]N1CCC2(CCCN2)CC1;O=C(NCC1CC1c1cc(F)cc(F)c1OCc1cccnc1F)N1CCC2(CCCN2)CC1;medium;%inh @10uM;;62;
18;Chemistry 57;hERG;33;C;https://pubs.acs.org/doi/10.1021/acsmedchemlett.2c00120;33;CM;[*]C(=O)NCC1CC1c2cc(F)cc(F)c2OCc3cccnc3F;C;10;[*]N1CCC2(CCNC2)CC1;O=C(NCC1CC1c1cc(F)cc(F)c1OCc1cccnc1F)N1CCC2(CCNC2)CC1;Good;%inh @10uM;;10;%
24;Chemistry 62;LogD;32;C;https://pubs.acs.org/doi/10.1021/jm500432n;32;CM;[*]CCN1CCC(CC1)NCc2cnc(C)c(c2)C#N;A;7;[*]N1C(=O)C=Cc2ncc(OC)cc12;COc1cnc2ccc(=O)n(CCN3CCC(NCc4cnc(C)c(C#N)c4)CC3)c2c1;medium;logD;;1.07;
24;Chemistry 61;LogD;32;C;https://pubs.acs.org/doi/10.1021/jm500432n;32;CM;[*]CCN1CCC(CC1)NCc2cnc(C)c(c2)C#N;B;9;[*]N1C(=O)C=Cc2c(cc(OC)cc12)C#N;COc1cc(C#N)c2ccc(=O)n(CCN3CCC(NCc4cnc(C)c(C#N)c4)CC3)c2c1;bad;logD;;1.86;
24;Chemistry 60;LogD;32;C;https://pubs.acs.org/doi/10.1021/jm500432n;32;CM;[*]CCN1CCC(CC1)NCc2cnc(C)c(c2)C#N;C;14;[*]N1C(=O)C=Nc2ncc(OC)cc12;COc1cnc2ncc(=O)n(CCN3CCC(NCc4cnc(C)c(C#N)c4)CC3)c2c1;Good;logD;;0.38;
73;Chemistry 64;hERG;32;B;https://pubs.acs.org/doi/10.1021/jm500432n;32;CM;[*]CCN1CCC(CC1)NCc2cnc(C)c(c2)C#N;A;9;[*]N1C(=O)C=Cc2c(cc(OC)cc12)C#N;COc1cc(C#N)c2ccc(=O)n(CCN3CCC(NCc4cnc(C)c(C#N)c4)CC3)c2c1;bad;IC50;;2.5;uM
73;Chemistry 63;hERG;32;B;https://pubs.acs.org/doi/10.1021/jm500432n;32;CM;[*]CCN1CCC(CC1)NCc2cnc(C)c(c2)C#N;B;14;[*]N1C(=O)C=Nc2ncc(OC)cc12;COc1cnc2ncc(=O)n(CCN3CCC(NCc4cnc(C)c(C#N)c4)CC3)c2c1;Good;IC50;>;100;uM
73;Chemistry 65;hERG;32;B;https://pubs.acs.org/doi/10.1021/jm500432n;32;CM;[*]CCN1CCC(CC1)NCc2cnc(C)c(c2)C#N;C;13;[*]N1C(=O)C=Nc2ccc(OC)nc12;COc1ccc2ncc(=O)n(CCN3CCC(NCc4cnc(C)c(C#N)c4)CC3)c2n1;medium;IC50;;13;uM
32;Chemistry 66;Permeability;31;A;https://pubs.acs.org/doi/10.1021/jm200279v;31;CM;[*]N1CCC(CCN2C3CCC2CC(C3)n4c(C)nc5ccccc45)(CC1)c6ccccc6;A;68;[*]C(=O)c1cccc(c1)C(=O)OC;COC(=O)c1cccc(C(=O)N2CCC(CCN3C4CCC3CC(n3c(C)nc5ccccc53)C4)(c3ccccc3)CC2)c1;Good;MDCK Papp;;192;nm/sec
32;Chemistry 67;Permeability;31;A;https://pubs.acs.org/doi/10.1021/jm200279v;31;CM;[*]N1CCC(CCN2C3CCC2CC(C3)n4c(C)nc5ccccc45)(CC1)c6ccccc6;B;69;[*]C(=O)c1cccc(c1)C(=O)N;Cc1nc2ccccc2n1C1CC2CCC(C1)N2CCC1(c2ccccc2)CCN(C(=O)c2cccc(C(N)=O)c2)CC1;bad;MDCK Papp;;1.9;nm/sec
32;Chemistry 68;Permeability;31;A;https://pubs.acs.org/doi/10.1021/jm200279v;31;CM;[*]N1CCC(CCN2C3CCC2CC(C3)n4c(C)nc5ccccc45)(CC1)c6ccccc6;C;70;[*]C(=O)c1cccc(c1)S(=O)(=O)N;Cc1nc2ccccc2n1C1CC2CCC(C1)N2CCC1(c2ccccc2)CCN(C(=O)c2cccc(S(N)(=O)=O)c2)CC1;bad;MDCK Papp;;1;nm/sec
54;Chemistry 71;hERG;31;C;https://pubs.acs.org/doi/10.1021/jm200279v;31;CM;[*]N1CCC(CCN2C3CCC2CC(C3)n4c(C)nc5ccccc45)(CC1)c6ccccc6;A;70;[*]C(=O)c1cccc(c1)S(=O)(=O)N;Cc1nc2ccccc2n1C1CC2CCC(C1)N2CCC1(c2ccccc2)CCN(C(=O)c2cccc(S(N)(=O)=O)c2)CC1;medium;pIC50 patch clamp;;4.2;
54;Chemistry 70;hERG;31;C;https://pubs.acs.org/doi/10.1021/jm200279v;31;CM;[*]N1CCC(CCN2C3CCC2CC(C3)n4c(C)nc5ccccc45)(CC1)c6ccccc6;B;68;[*]C(=O)c1cccc(c1)C(=O)OC;COC(=O)c1cccc(C(=O)N2CCC(CCN3C4CCC3CC(n3c(C)nc5ccccc53)C4)(c3ccccc3)CC2)c1;bad;pIC50 patch clamp;;6.1;
54;Chemistry 69;hERG;31;C;https://pubs.acs.org/doi/10.1021/jm200279v;31;CM;[*]N1CCC(CCN2C3CCC2CC(C3)n4c(C)nc5ccccc45)(CC1)c6ccccc6;C;62;[*]C(=O)c1ccc2c(CC(=O)NS2(=O)=O)c1;Cc1nc2ccccc2n1C1CC2CCC(C1)N2CCC1(c2ccccc2)CCN(C(=O)c2ccc3c(c2)CC(=O)NS3(=O)=O)CC1;Good;pIC50 patch clamp;<;4.0;
71;Chemistry 72;Permeability;31;A;https://pubs.acs.org/doi/10.1021/jm200279v;31;CM;[*]N1CCC(CCN2C3CCC2CC(C3)n4c(C)nc5ccccc45)(CC1)c6ccccc6;A;74;[*]C(=O)c1cccc(c1)S(=O)(=O)N(C)C;Cc1nc2ccccc2n1C1CC2CCC(C1)N2CCC1(c2ccccc2)CCN(C(=O)c2cccc(S(=O)(=O)N(C)C)c2)CC1;Good;Papp;;77.7;nm/sec
71;Chemistry 73;Permeability;31;A;https://pubs.acs.org/doi/10.1021/jm200279v;31;CM;[*]N1CCC(CCN2C3CCC2CC(C3)n4c(C)nc5ccccc45)(CC1)c6ccccc6;B;73;[*]C(=O)c1cccc(c1)S(=O)(=O)NC;CNS(=O)(=O)c1cccc(C(=O)N2CCC(CCN3C4CCC3CC(n3c(C)nc5ccccc53)C4)(c3ccccc3)CC2)c1;bad;Papp;;4.6;nm/sec
71;Chemistry 74;Permeability;31;A;https://pubs.acs.org/doi/10.1021/jm200279v;31;CM;[*]N1CCC(CCN2C3CCC2CC(C3)n4c(C)nc5ccccc45)(CC1)c6ccccc6;C;70;[*]C(=O)c1cccc(c1)S(=O)(=O)N;Cc1nc2ccccc2n1C1CC2CCC(C1)N2CCC1(c2ccccc2)CCN(C(=O)c2cccc(S(N)(=O)=O)c2)CC1;bad;Papp;;1;nm/sec
70;Chemistry 75;Permeability;30;A;https://doi.org/10.1021/acs.jmedchem.3c00155;30;CM;CN1C(=O)C2=C(NC(C3CC3)C(F)(F)CO2)C2=CC(NC3=C(Cl)C=NC(-*)=N3)=CC=C12;A;10;[*]N1CC(C1)OC;CN=CC(Cl)=C(Nc1ccc2c(c1)c1c(c(=O)n2C)OCC(F)(F)C(C2CC2)N1)NN1CC(OC)C1;Good;Caco2 Perm.;;15;10-6cm/sec
70;Chemistry 76;Permeability;30;A;https://doi.org/10.1021/acs.jmedchem.3c00155;30;CM;CN1C(=O)C2=C(NC(C3CC3)C(F)(F)CO2)C2=CC(NC3=C(Cl)C=NC(-*)=N3)=CC=C12;B;CCT3;[*]N1C[C@H](C)C[C@H](O)C1;CN=CC(Cl)=C(Nc1ccc2c(c1)c1c(c(=O)n2C)OCC(F)(F)C(C2CC2)N1)NN1C[C@H](C)C[C@H](O)C1;bad;Caco2 Perm.;<;3;10-6cm/sec
70;Chemistry 77;Permeability;30;A;https://doi.org/10.1021/acs.jmedchem.3c00155;30;CM;CN1C(=O)C2=C(NC(C3CC3)C(F)(F)CO2)C2=CC(NC3=C(Cl)C=NC(-*)=N3)=CC=C12;C;3;[*]N1CCOCC1;CN=CC(Cl)=C(Nc1ccc2c(c1)c1c(c(=O)n2C)OCC(F)(F)C(C2CC2)N1)NN1CCOCC1;medium;Caco2 Perm.;;3.3;10-6cm/sec
62;Chemistry 79;Solubility;29;B;https://doi.org/10.1021/acs.jmedchem.8b01333;29;CM;FC1=C(C=C(C=C1)C1=NC2=C(N1)C=C(N-*)N=C2)C(F)(F)F;A;9;*-NC1=NC=C(C=C1)N1CCN(CC1)C1CC1;Fc1ccc(-c2nc3cnc(NNc4ccc(N5CCN(C6CC6)CC5)cn4)cc3[nH]2)cc1C(F)(F)F;bad;Sol. pH 6.5;;5;uM
62;Chemistry 78;Solubility;29;B;https://doi.org/10.1021/acs.jmedchem.8b01333;29;CM;FC1=C(C=C(C=C1)C1=NC2=C(N1)C=C(N-*)N=C2)C(F)(F)F;B;7;*-NC1=NC=CC(=C1)N1CCNCC1;Fc1ccc(-c2nc3cnc(NNc4cc(N5CCNCC5)ccn4)cc3[nH]2)cc1C(F)(F)F;Good;Sol. pH 6.5;;95;uM
62;Chemistry 80;Solubility;29;B;https://doi.org/10.1021/acs.jmedchem.8b01333;29;CM;FC1=C(C=C(C=C1)C1=NC2=C(N1)C=C(N-*)N=C2)C(F)(F)F;C;11;C[C@H]1CN(C[C@@H](C)O1)C1=CN=C(N-*)C=C1;C[C@@H]1CN(c2ccc(NNc3cc4[nH]c(-c5ccc(F)c(C(F)(F)F)c5)nc4cn3)nc2)C[C@H](C)O1;bad;Sol. pH 6.5;<;5;uM
66;Chemistry 83;Solubility;29;C;https://doi.org/10.1021/acs.jmedchem.8b01333;29;CM;FC(F)(F)C1=CC=CC(=C1)C1=NC2=C(N1)C=C(N-*)N=C2;A;13;CN1CCN(CC1)C1=CN=C(N-*)C=C1;CN1CCN(c2ccc(NNc3cc4[nH]c(-c5cccc(C(F)(F)F)c5)nc4cn3)nc2)CC1;medium;Sol. pH 6.5;;66;uM
66;Chemistry 82;Solubility;29;C;https://doi.org/10.1021/acs.jmedchem.8b01333;29;CM;FC(F)(F)C1=CC=CC(=C1)C1=NC2=C(N1)C=C(N-*)N=C2;B;17;*-NC1=NC=C(C=C1)N1CCOCC1;FC(F)(F)c1cccc(-c2nc3cnc(NNc4ccc(N5CCOCC5)cn4)cc3[nH]2)c1;bad;Sol. pH 6.5;<;5;uM
66;Chemistry 81;Solubility;29;C;https://doi.org/10.1021/acs.jmedchem.8b01333;29;CM;FC(F)(F)C1=CC=CC(=C1)C1=NC2=C(N1)C=C(N-*)N=C2;C;15;*-NC1=NC=C(C=C1)N1CCN(CC2CC2)CC1;FC(F)(F)c1cccc(-c2nc3cnc(NNc4ccc(N5CCN(CC6CC6)CC5)cn4)cc3[nH]2)c1;Good;Sol. pH 6.5;;130;uM
21;Chemistry 84;LogP;28;A;https://doi.org/10.1021/acs.jmedchem.1c00820;28;KA;[*]NC(=O)CN1N=Nc2ccccc2C1=O;A;29;[*][C@@H](C)c1ccc(C)nc1;Cc1ccc([C@H](C)NC(=O)Cn2nnc3ccccc3c2=O)cn1;Good;cLogP;;2;
21;Chemistry 85;LogP;28;A;https://doi.org/10.1021/acs.jmedchem.1c00820;28;KA;[*]NC(=O)CN1N=Nc2ccccc2C1=O;B;26;[*][C@@H](C)c1ccc(F)cc1;C[C@H](NC(=O)Cn1nnc2ccccc2c1=O)c1ccc(F)cc1;medium;cLogP;;3.2;
21;Chemistry 86;LogP;28;A;https://doi.org/10.1021/acs.jmedchem.1c00820;28;KA;[*]NC(=O)CN1N=Nc2ccccc2C1=O;C;30;[*][C@@H](C)c1ccc(C)cc1C;Cc1ccc([C@H](C)NC(=O)Cn2nnc3ccccc3c2=O)c(C)c1;medium/low;cLogP;;4.1;
57;Chemistry 87;LogP;28;A;https://doi.org/10.1021/acs.jmedchem.1c00820;28;KA;[*]N1N=Nc2ccccc2C1=O;A;42;[*]CC(=O)N[C@@H](C)c1nccs1;C[C@H](NC(=O)Cn1nnc2ccccc2c1=O)c1nccs1;Good;cLogP;;1;
57;Chemistry 88;LogP;28;A;https://doi.org/10.1021/acs.jmedchem.1c00820;28;KA;[*]N1N=Nc2ccccc2C1=O;B;21;[*]CC(=O)N[C@@H](C)c1ccc(C)cc1;Cc1ccc([C@H](C)NC(=O)Cn2nnc3ccccc3c2=O)cc1;medium;cLogP;;3.6;
57;Chemistry 89;LogP;28;A;https://doi.org/10.1021/acs.jmedchem.1c00820;28;KA;[*]N1N=Nc2ccccc2C1=O;C;45;[*]CC(=O)O[C@@H](C)c1ccc(C)cc1;Cc1ccc([C@H](C)OC(=O)Cn2nnc3ccccc3c2=O)cc1;medium/high;cLogP;;4.3;
44;Chemistry 90;Solubility;25;A;S-Protected Cysteine Sulfoxide-Enabled Tryptophan-Selective Modification with Application to Peptide Lipidation | ACS Medicinal Chemistry Letters;25;KA;[*]Nc1nc(N)nc(COc2cc(C)cc(c2)N3CCCC3=O)n1;A;94;[*]CC(N1CCCC1)c2cccc(Cl)c2;Cc1cc(OCc2nc(N)nc(NCC(c3cccc(Cl)c3)N3CCCC3)n2)cc(N2CCCC2=O)c1;Good;PBS solub;;294;uM
44;Chemistry 91;Solubility;25;A;S-Protected Cysteine Sulfoxide-Enabled Tryptophan-Selective Modification with Application to Peptide Lipidation | ACS Medicinal Chemistry Letters;25;KA;[*]Nc1nc(N)nc(COc2cc(C)cc(c2)N3CCCC3=O)n1;B;91;[*]CC(OC)c1cccc(Cl)c1;COC(CNc1nc(N)nc(COc2cc(C)cc(N3CCCC3=O)c2)n1)c1cccc(Cl)c1;low;PBS solub;;3.52;uM
44;Chemistry 92;Solubility;25;A;S-Protected Cysteine Sulfoxide-Enabled Tryptophan-Selective Modification with Application to Peptide Lipidation | ACS Medicinal Chemistry Letters;25;KA;[*]Nc1nc(N)nc(COc2cc(C)cc(c2)N3CCCC3=O)n1;C;92;[*]C(Cc1cccc(Cl)c1)C2CC2;Cc1cc(OCc2nc(N)nc(NC(Cc3cccc(Cl)c3)C3CC3)n2)cc(N2CCCC2=O)c1;low;PBS solub;;3.82;uM
2;Chemistry 93;LogP;19;A;https://doi.org/10.1016/j.bmcl.2016.07.011;19;KA;[*]c1nc(cs1)c2ccc(c(F)c2)n3cnc(C)c3;A;43;[*]Nc1c2CCCc2nn1C3CCC3;Cc1cn(-c2ccc(-c3csc(Nc4c5c(nn4C4CCC4)CCC5)n3)cc2F)cn1;Good;cLogP;;3.94;
2;Chemistry 94;LogP;19;A;https://doi.org/10.1016/j.bmcl.2016.07.011;19;KA;[*]c1nc(cs1)c2ccc(c(F)c2)n3cnc(C)c3;B;48;[*]Nc1c2CCCCCc2nn1CC;CCn1nc2c(c1Nc1nc(-c3ccc(-n4cnc(C)c4)c(F)c3)cs1)CCCCC2;medium/high;cLogP;;4.28;
2;Chemistry 95;LogP;19;A;https://doi.org/10.1016/j.bmcl.2016.07.011;19;KA;[*]c1nc(cs1)c2ccc(c(F)c2)n3cnc(C)c3;C;47;[*]Nc1c2C(C)CC(C)(C)c2nn1CC;CCn1nc2c(c1Nc1nc(-c3ccc(-n4cnc(C)c4)c(F)c3)cs1)C(C)CC2(C)C;High;cLogP;;4.04;
38;Chemistry 97;LogP;19;B;https://doi.org/10.1016/j.bmcl.2016.07.011;19;KA;[*]c1nc(cs1)c2ccc(c(F)c2)n3cnc(C)c3;A;37;[*]Nc1cc(nn1CC(F)(F)F)C(F)(F)F;Cc1cn(-c2ccc(-c3csc(Nc4cc(C(F)(F)F)nn4CC(F)(F)F)n3)cc2F)cn1;medium;cLogP;;4.64;
38;Chemistry 96;LogP;19;B;https://doi.org/10.1016/j.bmcl.2016.07.011;19;KA;[*]c1nc(cs1)c2ccc(c(F)c2)n3cnc(C)c3;B;34;[*]Nc1cc(nn1CC)C(F)(F)F;CCn1nc(C(F)(F)F)cc1Nc1nc(-c2ccc(-n3cnc(C)c3)c(F)c2)cs1;Good;cLogP;;4.01;
38;Chemistry 98;LogP;19;B;https://doi.org/10.1016/j.bmcl.2016.07.011;19;KA;[*]c1nc(cs1)c2ccc(c(F)c2)n3cnc(C)c3;C;36;[*]Nc1cc(nn1CC(F)(F)F)C(C)(C)C;Cc1cn(-c2ccc(-c3csc(Nc4cc(C(C)(C)C)nn4CC(F)(F)F)n3)cc2F)cn1;medium/high;cLogP;;5.38;
40;Chemistry 101;LogP;19;C;https://doi.org/10.1016/j.bmcl.2016.07.011;19;KA;[*]c1nc(cs1)c2ccc(c(F)c2)n3cnc(C)c3;A;17;[*]Nc1c2CCCCc2nn1CCN3CCCCC3;Cc1cn(-c2ccc(-c3csc(Nc4c5c(nn4CCN4CCCCC4)CCCC5)n3)cc2F)cn1;medium;cLogP;;4.24;
40;Chemistry 100;LogP;19;C;https://doi.org/10.1016/j.bmcl.2016.07.011;19;KA;[*]c1nc(cs1)c2ccc(c(F)c2)n3cnc(C)c3;B;18;[*]Nc1c2CCCCc2nn1CCN3CCOCC3;Cc1cn(-c2ccc(-c3csc(Nc4c5c(nn4CCN4CCOCC4)CCCC5)n3)cc2F)cn1;medium;cLogP;;3.18;
40;Chemistry 99;LogP;19;C;https://doi.org/10.1016/j.bmcl.2016.07.011;19;KA;[*]c1nc(cs1)c2ccc(c(F)c2)n3cnc(C)c3;C;23;[*]Nc1c2CCCCc2nn1CCO;Cc1cn(-c2ccc(-c3csc(Nc4c5c(nn4CCO)CCCC5)n3)cc2F)cn1;Good;cLogP;;2.8;
17;Chemistry 102;hERG;18;A;https://pubs.acs.org/doi/10.1021/acs.jmedchem.1c01215;18;CM;[*]N1CCN(Cc2nc3c4cccc(OC)c4nc(N)n3n2)[C@H](C)C1;A;8e;[*]c1sc(C)nc1C;COc1cccc2c1nc(N)n1nc(CN3CCN(c4sc(C)nc4C)C[C@H]3C)nc21;Good;IC50;>;60;uM
17;Chemistry 103;hERG;18;A;https://pubs.acs.org/doi/10.1021/acs.jmedchem.1c01215;18;CM;[*]N1CCN(Cc2nc3c4cccc(OC)c4nc(N)n3n2)[C@H](C)C1;B;8a;[*]c1ccc(F)cc1;COc1cccc2c1nc(N)n1nc(CN3CCN(c4ccc(F)cc4)C[C@H]3C)nc21;bad;IC50;;1.55;uM
17;Chemistry 104;hERG;18;A;https://pubs.acs.org/doi/10.1021/acs.jmedchem.1c01215;18;CM;[*]N1CCN(Cc2nc3c4cccc(OC)c4nc(N)n3n2)[C@H](C)C1;C;8b;[*]c1ccc(F)cn1;COc1cccc2c1nc(N)n1nc(CN3CCN(c4ccc(F)cn4)C[C@H]3C)nc21;medium;IC50;;21.87;uM
36;Chemistry 106;hERG;18;C;https://pubs.acs.org/doi/10.1021/acs.jmedchem.1c01215;18;CM;[*]c1noc(n1)c2nnn(Cc3ccc(CN4CCOCC4)cc3)c2N;A;17a;[*]c1ccccc1;Nc1c(-c2nc(-c3ccccc3)no2)nnn1Cc1ccc(CN2CCOCC2)cc1;?;IC50;ND;;uM / erreur
36;Chemistry 105;hERG;18;C;https://pubs.acs.org/doi/10.1021/acs.jmedchem.1c01215;18;CM;[*]c1noc(n1)c2nnn(Cc3ccc(CN4CCOCC4)cc3)c2N;B;17g;[*]c1c(C)onc1C;Cc1noc(C)c1-c1noc(-c2nnn(Cc3ccc(CN4CCOCC4)cc3)c2N)n1;bad;IC50;;6;uM / erreur
36;Chemistry 107;hERG;18;C;https://pubs.acs.org/doi/10.1021/acs.jmedchem.1c01215;18;CM;[*]c1noc(n1)c2nnn(Cc3ccc(CN4CCOCC4)cc3)c2N;C;17b;[*]c1ccccc1OC;COc1ccccc1-c1noc(-c2nnn(Cc3ccc(CN4CCOCC4)cc3)c2N)n1;Good;IC50;>;30;uM / erreur
29;Chemistry 110;Solubility;16;C;https://doi.org/10.1021/acs.jmedchem.6b00070;16;KA;[*]N1CCC(CC1)c2ccc(OCCN3CCN(C)C(=O)[C@H]3C)cc2;A;11;[*]c1ccc2nnc(Cl)n2n1;C[C@@H]1C(=O)N(C)CCN1CCOc1ccc(C2CCN(c3ccc4nnc(Cl)n4n3)CC2)cc1;Low;sol;;63;uM
29;Chemistry 109;Solubility;16;C;https://doi.org/10.1021/acs.jmedchem.6b00070;16;KA;[*]N1CCC(CC1)c2ccc(OCCN3CCN(C)C(=O)[C@H]3C)cc2;B;12;[*]c1ccc2nnc(SC)n2n1;CSc1nnc2ccc(N3CCC(c4ccc(OCCN5CCN(C)C(=O)[C@H]5C)cc4)CC3)nn12;medium;sol;;660;uM
29;Chemistry 108;Solubility;16;C;https://doi.org/10.1021/acs.jmedchem.6b00070;16;KA;[*]N1CCC(CC1)c2ccc(OCCN3CCN(C)C(=O)[C@H]3C)cc2;C;13;[*]c1ccc2nnc(OC)n2n1;COc1nnc2ccc(N3CCC(c4ccc(OCCN5CCN(C)C(=O)[C@H]5C)cc4)CC3)nn12;Good;sol;>;1600;uM
42;Chemistry 111;LogD;16;A;https://doi.org/10.1021/acs.jmedchem.6b00070;16;KA;[*]N1CCC(CC1)c2ccc(OCCN3CCN(C)C(=O)[C@H]3C)cc2;A;12;[*]c1ccc2nnc(SC)n2n1;CSc1nnc2ccc(N3CCC(c4ccc(OCCN5CCN(C)C(=O)[C@H]5C)cc4)CC3)nn12;Good;LogD7,4;;2.9;
42;Chemistry 112;LogD;16;A;https://doi.org/10.1021/acs.jmedchem.6b00070;16;KA;[*]N1CCC(CC1)c2ccc(OCCN3CCN(C)C(=O)[C@H]3C)cc2;B;11;[*]c1ccc2nnc(Cl)n2n1;C[C@@H]1C(=O)N(C)CCN1CCOc1ccc(C2CCN(c3ccc4nnc(Cl)n4n3)CC2)cc1;low/med;LogD7,4;;3.1;
42;Chemistry 113;LogD;16;A;https://doi.org/10.1021/acs.jmedchem.6b00070;16;KA;[*]N1CCC(CC1)c2ccc(OCCN3CCN(C)C(=O)[C@H]3C)cc2;C;8;[*]c1ccc2nnc(n2n1)C(F)(F)F;C[C@@H]1C(=O)N(C)CCN1CCOc1ccc(C2CCN(c3ccc4nnc(C(F)(F)F)n4n3)CC2)cc1;medium;LogD7,4;>;4.2;
48;Chemistry 116;Solubility;16;C;https://doi.org/10.1021/acs.jmedchem.6b00070;16;KA;[*]N1CCC(CC1)c2ccc(OCCN3CCN(C)C(=O)[C@H]3C)cc2;A;8;[*]c1ccc2nnc(n2n1)C(F)(F)F;C[C@@H]1C(=O)N(C)CCN1CCOc1ccc(C2CCN(c3ccc4nnc(C(F)(F)F)n4n3)CC2)cc1;low;sol;;63;uM
48;Chemistry 115;Solubility;16;C;https://doi.org/10.1021/acs.jmedchem.6b00070;16;KA;[*]N1CCC(CC1)c2ccc(OCCN3CCN(C)C(=O)[C@H]3C)cc2;B;11;[*]c1ccc2nnc(Cl)n2n1;C[C@@H]1C(=O)N(C)CCN1CCOc1ccc(C2CCN(c3ccc4nnc(Cl)n4n3)CC2)cc1;low;sol;;63;uM
48;Chemistry 114;Solubility;16;C;https://doi.org/10.1021/acs.jmedchem.6b00070;16;KA;[*]N1CCC(CC1)c2ccc(OCCN3CCN(C)C(=O)[C@H]3C)cc2;C;10;[*]c1ccc2nnc(C)n2n1;Cc1nnc2ccc(N3CCC(c4ccc(OCCN5CCN(C)C(=O)[C@H]5C)cc4)CC3)nn12;Good;sol;;670;uM
65;Chemistry 118;Solubility;16;B;https://doi.org/10.1021/acs.jmedchem.6b00070;16;KA;[*]CCOc1ccc(cc1)C2CCN(CC2)c3ccc4nnc(OC)n4n3;A;15;[*]N1CCN(C)C(=O)[C@@H]1C;COc1nnc2ccc(N3CCC(c4ccc(OCCN5CCN(C)C(=O)[C@@H]5C)cc4)CC3)nn12;low/med;sol;;900;uM
65;Chemistry 117;Solubility;16;B;https://doi.org/10.1021/acs.jmedchem.6b00070;16;KA;[*]CCOc1ccc(cc1)C2CCN(CC2)c3ccc4nnc(OC)n4n3;B;13;[*]N1CCN(C)C(=O)[C@H]1C;COc1nnc2ccc(N3CCC(c4ccc(OCCN5CCN(C)C(=O)[C@H]5C)cc4)CC3)nn12;Good;sol;>;1600;uM
65;Chemistry 119;Solubility;16;B;https://doi.org/10.1021/acs.jmedchem.6b00070;16;KA;[*]CCOc1ccc(cc1)C2CCN(CC2)c3ccc4nnc(OC)n4n3;C;17;[*]N1C[C@@H](C)N([C@@H](C)C1)C(=O)C;COc1nnc2ccc(N3CCC(c4ccc(OCCN5C[C@@H](C)N(C(C)=O)[C@@H](C)C5)cc4)CC3)nn12;Medium;sol;;280;uM
3;Chemistry 122;LogP;15;C;http://dx.doi.org/10.1016/j.bmcl.2013.09.090;15;KA;[*]Oc1ccc2CCN(CCCC)CCc2c1;A;33;[*]c1ccc(cn1)N2CCCC2=O;CCCCN1CCc2ccc(Oc3ccc(N4CCCC4=O)cn3)cc2CC1;High;cLogP;;4.2;
3;Chemistry 121;LogP;15;C;http://dx.doi.org/10.1016/j.bmcl.2013.09.090;15;KA;[*]Oc1ccc2CCN(CCCC)CCc2c1;B;10;[*]c1ccc(cn1)C(=O)NC;CCCCN1CCc2ccc(Oc3ccc(C(=O)NC)cn3)cc2CC1;Medium;cLogP;;3.1;
3;Chemistry 120;LogP;15;C;http://dx.doi.org/10.1016/j.bmcl.2013.09.090;15;KA;[*]Oc1ccc2CCN(CCCC)CCc2c1;C;17;[*]c1ccc(nn1)C(=O)NC;CCCCN1CCc2ccc(Oc3ccc(C(=O)NC)nn3)cc2CC1;Good;cLogP;;2.3;
20;Chemistry 123;LogP;15;A;http://dx.doi.org/10.1016/j.bmcl.2013.09.090;15;KA;[*]Oc1ccc2CCN(CCCC)CCc2c1;A;22;[*]c1ccc(cn1)c2oc(C)nn2;CCCCN1CCc2ccc(Oc3ccc(-c4nnc(C)o4)cn3)cc2CC1;Good;cLogP;;2.7;
20;Chemistry 124;LogP;15;A;http://dx.doi.org/10.1016/j.bmcl.2013.09.090;15;KA;[*]Oc1ccc2CCN(CCCC)CCc2c1;B;23;[*]c1ccc(cn1)c2c(C)onc2C;CCCCN1CCc2ccc(Oc3ccc(-c4c(C)noc4C)cn3)cc2CC1;medium;cLogP;;3.7;
20;Chemistry 125;LogP;15;A;http://dx.doi.org/10.1016/j.bmcl.2013.09.090;15;KA;[*]Oc1ccc2CCN(CCCC)CCc2c1;C;24;[*]c1ccc(cn1)n2cccn2;CCCCN1CCc2ccc(Oc3ccc(-n4cccn4)cn3)cc2CC1;Medium;cLogP;;4.3;
39;Chemistry 126;LogP;15;A;http://dx.doi.org/10.1016/j.bmcl.2013.09.090;15;KA;[*]Oc1ccc2CCN(CCCC)CCc2c1;A;27;[*]c1ccc(cn1)N2CCOC2=O;CCCCN1CCc2ccc(Oc3ccc(N4CCOC4=O)cn3)cc2CC1;Good;cLogP;;2.7;
39;Chemistry 127;LogP;15;A;http://dx.doi.org/10.1016/j.bmcl.2013.09.090;15;KA;[*]Oc1ccc2CCN(CCCC)CCc2c1;B;28;[*]c1ccc(cn1)N2CCN(C)C2=O;CCCCN1CCc2ccc(Oc3ccc(N4CCN(C)C4=O)cn3)cc2CC1;Medium;cLogP;;3.2;
39;Chemistry 128;LogP;15;A;http://dx.doi.org/10.1016/j.bmcl.2013.09.090;15;KA;[*]Oc1ccc2CCN(CCCC)CCc2c1;C;25;[*]c1ccc(cn1)c2ccn[nH]2;CCCCN1CCc2ccc(Oc3ccc(-c4ccn[nH]4)cn3)cc2CC1;medium;cLogP;;4.3;
8;Chemistry 137;Solubility;14;C;https://pubs.acs.org/doi/10.1021/acsmedchemlett.5b00117;14bis;CM;[*]c1ccc(cc1)C(=O)N2CCn3c(C2)nnc3c4ccccn4;A;17;[*]c1oc(C)cc1;Cc1ccc(-c2ccc(C(=O)N3CCn4c(nnc4-c4ccccn4)C3)cc2)o1;medium;Solubility;;71;uM
8;Chemistry 136;Solubility;14;C;https://pubs.acs.org/doi/10.1021/acsmedchemlett.5b00117;14bis;CM;[*]c1ccc(cc1)C(=O)N2CCn3c(C2)nnc3c4ccccn4;B;13;[*]c1ccc(Cl)cc1;O=C(c1ccc(-c2ccc(Cl)cc2)cc1)N1CCn2c(nnc2-c2ccccn2)C1;bad;Solubility;;5.3;uM
8;Chemistry 135;Solubility;14;C;https://pubs.acs.org/doi/10.1021/acsmedchemlett.5b00117;14bis;CM;[*]c1ccc(cc1)C(=O)N2CCn3c(C2)nnc3c4ccccn4;C;15;[*]Cc1ccccc1;O=C(c1ccc(Cc2ccccc2)cc1)N1CCn2c(nnc2-c2ccccn2)C1;Good;Solubility;;169;uM
25;Chemistry 140;Solubility;14;C;https://pubs.acs.org/doi/10.1021/acsmedchemlett.5b00117;14bis;CM;CC1N(CCN2C(-*)=NN=C12)C(=O)C1=CC=C(C=C1)C1=CC=CS1;A;37;[*]c1nc(C)cs1;Cc1csc(NN=C2C(C)N(C(=O)c3ccc(-c4cccs4)cc3)CCN2C)n1;medium;Solubility;;50;uM / erreur, structure non corrigée
25;Chemistry 139;Solubility;14;C;https://pubs.acs.org/doi/10.1021/acsmedchemlett.5b00117;14bis;CM;CC1N(CCN2C(-*)=NN=C12)C(=O)C1=CC=C(C=C1)C1=CC=CS1;B;3;[*]c1csc(n1)c2ccc(F)cc2F;CC1C(=NNc2csc(-c3ccc(F)cc3F)n2)N(C)CCN1C(=O)c1ccc(-c2cccs2)cc1;bad;Solubility;;0.4;uM / erreur, structure non corrigée
25;Chemistry 138;Solubility;14;C;https://pubs.acs.org/doi/10.1021/acsmedchemlett.5b00117;14bis;CM;CC1N(CCN2C(-*)=NN=C12)C(=O)C1=CC=C(C=C1)C1=CC=CS1;C;30;[*]c1cncc(C)n1;Cc1cncc(NN=C2C(C)N(C(=O)c3ccc(-c4cccs4)cc3)CCN2C)n1;Good;Solubility;;160;uM / erreur, structure corrigée
59;Chemistry 131;LogD;14;C;https://pubs.acs.org/doi/10.1021/acsmedchemlett.5b00117;14;CM;[*]c1nnc2[C@@H](C)N(CCn12)C(=O)c3ccc(F)cc3;A;16;[*]c1nc(ns1)C(F)(F)F;C[C@@H]1c2nnc(-c3nc(C(F)(F)F)ns3)n2CCN1C(=O)c1ccc(F)cc1;bad;logD7.4;;2.4;
59;Chemistry 130;LogD;14;C;https://pubs.acs.org/doi/10.1021/acsmedchemlett.5b00117;14;CM;[*]c1nnc2[C@@H](C)N(CCn12)C(=O)c3ccc(F)cc3;B;13;[*]c1ncns1;C[C@@H]1c2nnc(-c3ncns3)n2CCN1C(=O)c1ccc(F)cc1;medium;logD7.4;;1.1;
59;Chemistry 129;LogD;14;C;https://pubs.acs.org/doi/10.1021/acsmedchemlett.5b00117;14;CM;[*]c1nnc2[C@@H](C)N(CCn12)C(=O)c3ccc(F)cc3;C;9;[*]c1nnc(C)s1;Cc1nnc(-c2nnc3n2CCN(C(=O)c2ccc(F)cc2)[C@@H]3C)s1;Good;logD7.4;;0.8;
72;Chemistry 132;hERG;14;A;https://pubs.acs.org/doi/10.1021/acsmedchemlett.5b00117;14;CM;[*]c1nnc2[C@@H](C)N(CCn12)C(=O)c3ccc(F)cc3;A;3;[*]c1nc(C)ns1;Cc1nsc(-c2nnc3n2CCN(C(=O)c2ccc(F)cc2)[C@@H]3C)n1;Good;IC50;>;100;uM
72;Chemistry 133;hERG;14;A;https://pubs.acs.org/doi/10.1021/acsmedchemlett.5b00117;14;CM;[*]c1nnc2[C@@H](C)N(CCn12)C(=O)c3ccc(F)cc3;B;11;[*]c1onc(C)n1;Cc1noc(-c2nnc3n2CCN(C(=O)c2ccc(F)cc2)[C@@H]3C)n1;bad;IC50;;1.6;uM
72;Chemistry 134;hERG;14;A;https://pubs.acs.org/doi/10.1021/acsmedchemlett.5b00117;14;CM;[*]c1nnc2[C@@H](C)N(CCn12)C(=O)c3ccc(F)cc3;C;16;[*]c1nc(ns1)C(F)(F)F;C[C@@H]1c2nnc(-c3nc(C(F)(F)F)ns3)n2CCN1C(=O)c1ccc(F)cc1;medium;IC50;;39;uM
74;Chemistry 142;hERG;14;B;https://pubs.acs.org/doi/10.1021/acs.jmedchem.1c01215;14bis;CM;CC1N(CCN2C(-*)=NN=C12)C(=O)C1=CC=C(C=C1)C1=CC=CS1;A;3;[*]c1csc(n1)c2ccc(F)cc2F;CC1C(=NNc2csc(-c3ccc(F)cc3F)n2)N(C)CCN1C(=O)c1ccc(-c2cccs2)cc1;bad;IC50;;1.4;uM / erreur, structure non corrigée
74;Chemistry 141;hERG;14;B;https://pubs.acs.org/doi/10.1021/acs.jmedchem.1c01215;14bis;CM;CC1N(CCN2C(-*)=NN=C12)C(=O)C1=CC=C(C=C1)C1=CC=CS1;B;31;[*]c1csc(C)n1;Cc1nc(NN=C2C(C)N(C(=O)c3ccc(-c4cccs4)cc3)CCN2C)cs1;Good;IC50;;24;uM / erreur, structure non corrigée
74;Chemistry 143;hERG;14;B;https://pubs.acs.org/doi/10.1021/acs.jmedchem.1c01215;14bis;CM;CC1N(CCN2C(-*)=NN=C12)C(=O)C1=CC=C(C=C1)C1=CC=CS1;C;30;[*]c1cncc(C)n1;Cc1cncc(NN=C2C(C)N(C(=O)c3ccc(-c4cccs4)cc3)CCN2C)n1;medium;IC50;;4.7;uM / erreur, structure non corrigée
53;Chemistry 144;hERG;13;A;https://doi.org/10.1016/j.bmcl.2010.12.123;13;KA;[*]NC(=O)[C@H](C1CCCCC1)n2c(nc3cc(F)c(F)cc23)c4ccc(Cl)cc4;A;7g;[*]c1ccc(cc1F)C(=O)[O-];O=C([O-])c1ccc(NC(=O)[C@H](C2CCCCC2)n2c(-c3ccc(Cl)cc3)nc3cc(F)c(F)cc32)c(F)c1;Good;IC50;>;20;uM
53;Chemistry 145;hERG;13;A;https://doi.org/10.1016/j.bmcl.2010.12.123;13;KA;[*]NC(=O)[C@H](C1CCCCC1)n2c(nc3cc(F)c(F)cc23)c4ccc(Cl)cc4;B;7c;[*]C1CCC(CC1)C(=O)[O-];O=C([O-])C1CCC(NC(=O)[C@H](C2CCCCC2)n2c(-c3ccc(Cl)cc3)nc3cc(F)c(F)cc32)CC1;average;IC50;;7.6;uM
53;Chemistry 146;hERG;13;A;https://doi.org/10.1016/j.bmcl.2010.12.123;13;KA;[*]NC(=O)[C@H](C1CCCCC1)n2c(nc3cc(F)c(F)cc23)c4ccc(Cl)cc4;C;7h;[*]c1ccc(cc1Cl)C(=O)[O-];O=C([O-])c1ccc(NC(=O)[C@H](C2CCCCC2)n2c(-c3ccc(Cl)cc3)nc3cc(F)c(F)cc32)c(Cl)c1;average;IC50;;7.8;uM
61;Chemistry 149;LogD;13;C;https://doi.org/10.1016/j.bmcl.2010.12.123;13;KA;[*]NC(=O)[C@H](C1CCCCC1)n2c(nc3cc(F)c(F)cc23)c4ccc(Cl)cc4;A;7b;[*][C@@H]1CC[C@@H](O)CC1;O=C(N[C@H]1CC[C@H](O)CC1)[C@H](C1CCCCC1)n1c(-c2ccc(Cl)cc2)nc2cc(F)c(F)cc21;high;logD7.4;>;4;
61;Chemistry 148;LogD;13;C;https://doi.org/10.1016/j.bmcl.2010.12.123;13;KA;[*]NC(=O)[C@H](C1CCCCC1)n2c(nc3cc(F)c(F)cc23)c4ccc(Cl)cc4;B;7c;[*]C1CCC(CC1)C(=O)[O-];O=C([O-])C1CCC(NC(=O)[C@H](C2CCCCC2)n2c(-c3ccc(Cl)cc3)nc3cc(F)c(F)cc32)CC1;medium;logD7.4;;2.49;
61;Chemistry 147;LogD;13;C;https://doi.org/10.1016/j.bmcl.2010.12.123;13;KA;[*]NC(=O)[C@H](C1CCCCC1)n2c(nc3cc(F)c(F)cc23)c4ccc(Cl)cc4;C;7p;[*][C@@H]1CCC(CC1F)OCCCC(=O)[O-];O=C([O-])CCCOC1CC[C@@H](NC(=O)[C@H](C2CCCCC2)n2c(-c3ccc(Cl)cc3)nc3cc(F)c(F)cc32)C(F)C1;Good;logD7.4;;2.32;
67;Chemistry 150;Solubility;13;A;https://doi.org/10.1016/j.bmcl.2010.12.123;13;KA;[*]NC(=O)[C@H](C1CCCCC1)n2c(nc3cc(F)c(F)cc23)c4ccc(Cl)cc4;A;7c;[*][C@@H]1CC[C@H](CC1)C(=O)[O-];O=C(N[C@H]1CC[C@H](C(=O)[O-])CC1)[C@H](C1CCCCC1)n1c(-c2ccc(Cl)cc2)nc2cc(F)c(F)cc21;Good;Aqueous sol. pH6,5;;395;ug/mL
67;Chemistry 151;Solubility;13;A;https://doi.org/10.1016/j.bmcl.2010.12.123;13;KA;[*]NC(=O)[C@H](C1CCCCC1)n2c(nc3cc(F)c(F)cc23)c4ccc(Cl)cc4;B;7i;[*][C@@H]1CC[C@H](CC1C)C(=O)[O-];CC1C[C@H](C(=O)[O-])CC[C@H]1NC(=O)[C@H](C1CCCCC1)n1c(-c2ccc(Cl)cc2)nc2cc(F)c(F)cc21;medium;Aqueous sol. pH6,5;;32;ug/mL
67;Chemistry 152;Solubility;13;A;https://doi.org/10.1016/j.bmcl.2010.12.123;13;KA;[*]NC(=O)[C@H](C1CCCCC1)n2c(nc3cc(F)c(F)cc23)c4ccc(Cl)cc4;C;7a;[*]C1CCCCC1;O=C(NC1CCCCC1)[C@H](C1CCCCC1)n1c(-c2ccc(Cl)cc2)nc2cc(F)c(F)cc21;medium;Aqueous sol. pH6,5;<;1;ug/mL
43;Chemistry 155;Solubility;12;C;http://dx.doi.org/10.1016/j.bmcl.2016.09.043;12;CM;CN1C(NCCC2=CC=C(-*)C=C2)=NC2=C(C=CC(Cl)=C2)C1=O;A;32;COC1=CN=C(-*)N=C1;C=CC(=CC=CC=NC=C(C=N)OC)CCNc1nc2cc(Cl)ccc2c(=O)n1C;medium;Equil sol pH1;;37;ug/mL
43;Chemistry 154;Solubility;12;C;http://dx.doi.org/10.1016/j.bmcl.2016.09.043;12;CM;CN1C(NCCC2=CC=C(-*)C=C2)=NC2=C(C=CC(Cl)=C2)C1=O;B;30;FC1=CN=C(-*)N=C1;C=CC(=CC=CC=NC=C(F)C=N)CCNc1nc2cc(Cl)ccc2c(=O)n1C;bad;Equil sol pH1;;11;ug/mL
43;Chemistry 153;Solubility;12;C;http://dx.doi.org/10.1016/j.bmcl.2016.09.043;12;CM;CN1C(NCCC2=CC=C(-*)C=C2)=NC2=C(C=CC(Cl)=C2)C1=O;C;29;*-C1=NC=CC=N1;C=CC(=CC=Cc1ncccn1)CCNc1nc2cc(Cl)ccc2c(=O)n1C;Good;Equil sol pH1;;246;ug/mL
47;Chemistry 156;Solubility;12;A;http://dx.doi.org/10.1016/j.bmcl.2016.09.043;12;CM;CN1C(NCC-*)=NC2=C(C=CC(Cl)=C2)C1=O;A;19;[*]c1ccc(OC)nc1;COc1ccc(CCNc2nc3cc(Cl)ccc3c(=O)n2C)cn1;Good;Equil sol pH1;;1138;
47;Chemistry 157;Solubility;12;A;http://dx.doi.org/10.1016/j.bmcl.2016.09.043;12;CM;CN1C(NCC-*)=NC2=C(C=CC(Cl)=C2)C1=O;B;18;[*]c1ccc(cc1)N2CCOCC2;Cn1c(NCCc2ccc(N3CCOCC3)cc2)nc2cc(Cl)ccc2c1=O;good/medium;Equil sol pH1;;1091;
47;Chemistry 158;Solubility;12;A;http://dx.doi.org/10.1016/j.bmcl.2016.09.043;12;CM;CN1C(NCC-*)=NC2=C(C=CC(Cl)=C2)C1=O;C;10;[*]c1ccc(OC)cc1;COc1ccc(CCNc2nc3cc(Cl)ccc3c(=O)n2C)cc1;medium;Equil sol pH1;;734;
64;Chemistry 161;Solubility;12;C;http://dx.doi.org/10.1016/j.bmcl.2016.09.043;12;CM;CN1C(NCCC2=CC=C(-*)C=C2)=NC2=C(C=CC(Cl)=C2)C1=O;A;25;FC1=CC=C(-*)N=C1;C=CC(=CC=CC=CC=C(F)C=N)CCNc1nc2cc(Cl)ccc2c(=O)n1C;medium;Equil sol pH1;;44;
64;Chemistry 160;Solubility;12;C;http://dx.doi.org/10.1016/j.bmcl.2016.09.043;12;CM;CN1C(NCCC2=CC=C(-*)C=C2)=NC2=C(C=CC(Cl)=C2)C1=O;B;22;FC1=CC=C(-*)C=C1;C=CC(F)=CC=CC=CC=C(C=C)CCNc1nc2cc(Cl)ccc2c(=O)n1C;bad;Equil sol pH1;<;1;
64;Chemistry 159;Solubility;12;C;http://dx.doi.org/10.1016/j.bmcl.2016.09.043;12;CM;CN1C(NCCC2=CC=C(-*)C=C2)=NC2=C(C=CC(Cl)=C2)C1=O;C;24;*-C1=CC=CC=N1;C=CC(=CC=Cc1ccccn1)CCNc1nc2cc(Cl)ccc2c(=O)n1C;Good;Equil sol pH1;;1107;
63;Chemistry 164;Solubility;10;C;https://pubs.acs.org/doi/epdf/10.1021/acs.jmedchem.1c00696;10;KA;[*]N(C1CC(C1)c2ccc(C)nc2OC)c3ccc(Br)c(Cl)c3;A;75;[*]C1C2CCC1CNC2;COc1nc(C)ccc1C1CC(N(c2ccc(Br)c(Cl)c2)C2C3CCC2CNC3)C1;medium;Kin Aq Sol 7.4 ;<;1;ug/mL
63;Chemistry 163;Solubility;10;C;https://pubs.acs.org/doi/epdf/10.1021/acs.jmedchem.1c00696;10;KA;[*]N(C1CC(C1)c2ccc(C)nc2OC)c3ccc(Br)c(Cl)c3;B;67;[*]C1CCN(CC1)C(=O)C;COc1nc(C)ccc1C1CC(N(c2ccc(Br)c(Cl)c2)C2CCN(C(C)=O)CC2)C1;medium;Kin Aq Sol 7.4 ;<;1;ug/mL
63;Chemistry 162;Solubility;10;C;https://pubs.acs.org/doi/epdf/10.1021/acs.jmedchem.1c00696;10;KA;[*]N(C1CC(C1)c2ccc(C)nc2OC)c3ccc(Br)c(Cl)c3;C;72;[*]C1CCCNCC1;COc1nc(C)ccc1C1CC(N(c2ccc(Br)c(Cl)c2)C2CCCNCC2)C1;Good;Kin Aq Sol 7.4 ;;25062;ug/mL
16;Chemistry 165;hERG;9;A;https://pubs.acs.org/doi/full/10.1021/acs.jmedchem.6b01834;9;CM;[H]C1=CC=CC(=C1)C1=CC=C(-*)C2=C1C=C(NC(=O)NCC)N=C2;A;61;OCCOC(=O)N-*;CCNC(=O)Nc1cc(C(=CC=CNC(=O)OCCO)c2ccccc2)ccn1;Good;%inh@10uM;;0;%
16;Chemistry 166;hERG;9;A;https://pubs.acs.org/doi/full/10.1021/acs.jmedchem.6b01834;9;CM;[H]C1=CC=CC(=C1)C1=CC=C(-*)C2=C1C=C(NC(=O)NCC)N=C2;B;59;COC(=O)N-*;CCNC(=O)Nc1cc(C(=CC=CNC(=O)OC)c2ccccc2)ccn1;medium;%inh@10uM;;41;%
16;Chemistry 167;hERG;9;A;https://pubs.acs.org/doi/full/10.1021/acs.jmedchem.6b01834;9;CM;[H]C1=CC=CC(=C1)C1=CC=C(-*)C2=C1C=C(NC(=O)NCC)N=C2;C;60;CC(C)OC(=O)N-*;CCNC(=O)Nc1cc(C(=CC=CNC(=O)OC(C)C)c2ccccc2)ccn1;bad;%inh@10uM;;63;%
23;Chemistry 170;LogD;9;C;https://pubs.acs.org/doi/full/10.1021/acs.jmedchem.6b01834;9;CM;[H]C1=CC=CC(=C1)C1=CC=C(-*)C2=C1C=C(NC(=O)NCC)N=C2;A;73;F[C@H]1CNCCC1NC(=O)N-*;CCNC(=O)Nc1cc(C(=CC=CNC(=O)NC2CCNC[C@@H]2F)c2ccccc2)ccn1;bad;logD7,4;;1.5;
23;Chemistry 169;LogD;9;C;https://pubs.acs.org/doi/full/10.1021/acs.jmedchem.6b01834;9;CM;[H]C1=CC=CC(=C1)C1=CC=C(-*)C2=C1C=C(NC(=O)NCC)N=C2;B;69;*-NC(=O)N1CCNCC1;CCNC(=O)Nc1cc(C(=CC=CNC(=O)N2CCNCC2)c2ccccc2)ccn1;bad;logD7,4;;1.9;
23;Chemistry 168;LogD;9;C;https://pubs.acs.org/doi/full/10.1021/acs.jmedchem.6b01834;9;CM;[H]C1=CC=CC(=C1)C1=CC=C(-*)C2=C1C=C(NC(=O)NCC)N=C2;C;72;*-NC(=O)NC1CCNCC1;CCNC(=O)Nc1cc(C(=CC=CNC(=O)NC2CCNCC2)c2ccccc2)ccn1;Good;logD7,4;;0.8;
35;Chemistry 172;hERG;9;B;https://pubs.acs.org/doi/full/10.1021/acs.jmedchem.6b01834;9;CM;[H]C1=CC=CC(=C1)C1=CC=C(-*)C2=C1C=C(NC(=O)NCC)N=C2;A;70;CN1CCN(CC1)C(=O)O-*;CCNC(=O)Nc1cc(C(=CC=COC(=O)N2CCN(C)CC2)c2ccccc2)ccn1;medium;%inh@10uM;;15;%
35;Chemistry 171;hERG;9;B;https://pubs.acs.org/doi/full/10.1021/acs.jmedchem.6b01834;9;CM;[H]C1=CC=CC(=C1)C1=CC=C(-*)C2=C1C=C(NC(=O)NCC)N=C2;B;69;*-NC(=O)N1CCNCC1;CCNC(=O)Nc1cc(C(=CC=CNC(=O)N2CCNCC2)c2ccccc2)ccn1;Good;%inh@10uM;;0;%
35;Chemistry 173;hERG;9;B;https://pubs.acs.org/doi/full/10.1021/acs.jmedchem.6b01834;9;CM;[H]C1=CC=CC(=C1)C1=CC=C(-*)C2=C1C=C(NC(=O)NCC)N=C2;C;71;*-NC(=O)N1CCN(CC2CC2)CC1;CCNC(=O)Nc1cc(C(=CC=CNC(=O)N2CCN(CC3CC3)CC2)c2ccccc2)ccn1;bad;%inh@10uM;;74;%
60;Chemistry 174;LogD;9;A;https://pubs.acs.org/doi/full/10.1021/acs.jmedchem.6b01834;9;CM;[H]C1=CC=CC(=C1)C1=CC=C(-*)C2=C1C=C(NC(=O)NCC)N=C2;A;62;CNCCOC(=O)N-*;CCNC(=O)Nc1cc(C(=CC=CNC(=O)OCCNC)c2ccccc2)ccn1;Good;logD7,4;;0.2;
60;Chemistry 175;LogD;9;A;https://pubs.acs.org/doi/full/10.1021/acs.jmedchem.6b01834;9;CM;[H]C1=CC=CC(=C1)C1=CC=C(-*)C2=C1C=C(NC(=O)NCC)N=C2;B;54;CC(C)(C)CNCCOC(=O)N-*;CCNC(=O)Nc1cc(C(=CC=CNC(=O)OCCNCC(C)(C)C)c2ccccc2)ccn1;bad;logD7,4;;2.6;
60;Chemistry 176;LogD;9;A;https://pubs.acs.org/doi/full/10.1021/acs.jmedchem.6b01834;9;CM;[H]C1=CC=CC(=C1)C1=CC=C(-*)C2=C1C=C(NC(=O)NCC)N=C2;C;61;OCCOC(=O)N-*;CCNC(=O)Nc1cc(C(=CC=CNC(=O)OCCO)c2ccccc2)ccn1;bad;logD7,4;;2;
5;Chemistry 179;LogD;7;A;https://pubs.acs.org/doi/10.1021/acs.jmedchem.9b00362;7;KA;[*]N[C@@H](C)C1=Cc2cc(Cl)ccc2NC1=O;A;62;[*]c1ccc(nc1OC)C#N;COc1nc(C#N)ccc1N[C@@H](C)c1cc2cc(Cl)ccc2[nH]c1=O;Good;logD7,4;;2.5;erreur sur le bon composé, corrigé ici
5;Chemistry 178;LogD;7;A;https://pubs.acs.org/doi/10.1021/acs.jmedchem.9b00362;7;KA;[*]N[C@@H](C)C1=Cc2cc(Cl)ccc2NC1=O;B;64;[*]c1ncc(C#N)c(C)n1;Cc1nc(N[C@@H](C)c2cc3cc(Cl)ccc3[nH]c2=O)ncc1C#N;medium;logD7,4;;3.11;erreur sur le bon composé, corrigé ici
5;Chemistry 177;LogD;7;A;https://pubs.acs.org/doi/10.1021/acs.jmedchem.9b00362;7;KA;[*]N[C@@H](C)C1=Cc2cc(Cl)ccc2NC1=O;C;56;[*]c1ccc(C#N)c(C)n1;Cc1nc(N[C@@H](C)c2cc3cc(Cl)ccc3[nH]c2=O)ccc1C#N;medium;logD7,4;;3.74;erreur sur le bon composé, corrigé ici
28;Chemistry 180;Solubility;7;A;https://pubs.acs.org/doi/10.1021/acs.jmedchem.9b00362;7;KA;[*]NCC1=Cc2cc(Cl)ccc2NC1=O;A;23;[*]c1ccc(c(OC)c1)S(=O)(=O)C;COc1cc(NCc2cc3cc(Cl)ccc3[nH]c2=O)ccc1S(C)(=O)=O;Good;Solubility;;32.5;uM
28;Chemistry 181;Solubility;7;A;https://pubs.acs.org/doi/10.1021/acs.jmedchem.9b00362;7;KA;[*]NCC1=Cc2cc(Cl)ccc2NC1=O;B;17;[*]c1ccc(cc1)n2nnnc2C;Cc1nnnn1-c1ccc(NCc2cc3cc(Cl)ccc3[nH]c2=O)cc1;medium;Solubility;;1.2;uM
28;Chemistry 182;Solubility;7;A;https://pubs.acs.org/doi/10.1021/acs.jmedchem.9b00362;7;KA;[*]NCC1=Cc2cc(Cl)ccc2NC1=O;C;15;[*]c1ccc(C#N)c(C)c1;Cc1cc(NCc2cc3cc(Cl)ccc3[nH]c2=O)ccc1C#N;low;Solubility;<;0.1;uM
46;Chemistry 183;Solubility;7;A;https://pubs.acs.org/doi/10.1021/acs.jmedchem.9b00362;7;KA;[*]NCC1=Cc2cc(Cl)ccc2NC1=O;A;26;[*]c1ccc(C#N)c(O)c1;N#Cc1ccc(NCc2cc3cc(Cl)ccc3[nH]c2=O)cc1O;Good;Solubility;;;uM
46;Chemistry 184;Solubility;7;A;https://pubs.acs.org/doi/10.1021/acs.jmedchem.9b00362;7;KA;[*]NCC1=Cc2cc(Cl)ccc2NC1=O;B;32;[*]c1ccc(C#N)c(C)n1;Cc1nc(NCc2cc3cc(Cl)ccc3[nH]c2=O)ccc1C#N;medium;Solubility;;;uM
46;Chemistry 185;Solubility;7;A;https://pubs.acs.org/doi/10.1021/acs.jmedchem.9b00362;7;KA;[*]NCC1=Cc2cc(Cl)ccc2NC1=O;C;31;[*]c1ccc(C#N)c(c1)C(F)(F)F;N#Cc1ccc(NCc2cc3cc(Cl)ccc3[nH]c2=O)cc1C(F)(F)F;low;Solubility;;;uM
50;Chemistry 187;Permeability;6;B;https://doi.org/10.1021/acsmedchemlett.7b00312;6;CM;[H][C@@]12CN(C[C@]1([H])C2CNC(=O)C1=CC=C2NC(=O)OC2=C1)C(-*)=O;A;5;ClC1=CC(CC-*)=CC(Cl)=C1;CN1C[C@@H]2C(CNC(=O)c3ccc4[nH]c(=O)oc4c3)[C@@H]2C1.OCCc1cc(Cl)cc(Cl)c1;medium;Caco2 Perm.;;18;10-6cm/sec, structure mal interprétée
50;Chemistry 186;Permeability;6;B;https://doi.org/10.1021/acsmedchemlett.7b00312;6;CM;[H][C@@]12CN(C[C@]1([H])C2CNC(=O)C1=CC=C2NC(=O)OC2=C1)C(-*)=O;B;3;ClC1=CC(CO-*)=CC(Cl)=C1;CN1C[C@@H]2C(CNC(=O)c3ccc4[nH]c(=O)oc4c3)[C@@H]2C1.OOCc1cc(Cl)cc(Cl)c1;Good;Caco2 Perm.;;137;10-6cm/sec, structure mal interprétée
50;Chemistry 188;Permeability;6;B;https://doi.org/10.1021/acsmedchemlett.7b00312;6;CM;[H][C@@]12CN(C[C@]1([H])C2CNC(=O)C1=CC=C2NC(=O)OC2=C1)C(-*)=O;C;7;ClC1=CC(CN-*)=CC(Cl)=C1;CN1C[C@@H]2C(CNC(=O)c3ccc4[nH]c(=O)oc4c3)[C@@H]2C1.ONCc1cc(Cl)cc(Cl)c1;bad;Caco2 Perm.;;2;10-6cm/sec, structure mal interprétée
7;Chemistry 189;Solubility;5;A;http://dx.doi.org/10.1016/j.bmcl.2012.04.131;5;KA;COC1=CC(=CC=C1NC1=NC(NC2CCCCC2)=C2N=CNC2=N1)N1CCN(-*)CC1;A;22;CN1CCN(CC1)C(-*)=O;CN1CCN(C)CC1.COc1cc(N(CCN)CCO)ccc1Nc1nc(NC2CCCCC2)c2nc[nH]c2n1;Good;Sol pH7,2;;75;uM
7;Chemistry 190;Solubility;5;A;http://dx.doi.org/10.1016/j.bmcl.2012.04.131;5;KA;COC1=CC(=CC=C1NC1=NC(NC2CCCCC2)=C2N=CNC2=N1)N1CCN(-*)CC1;B;25;*-CC1=CC=CC=N1;COc1cc(N(CCN)CCCc2ccccn2)ccc1Nc1nc(NC2CCCCC2)c2nc[nH]c2n1;medium;Sol pH7,2;;38;uM
7;Chemistry 191;Solubility;5;A;http://dx.doi.org/10.1016/j.bmcl.2012.04.131;5;KA;COC1=CC(=CC=C1NC1=NC(NC2CCCCC2)=C2N=CNC2=N1)N1CCN(-*)CC1;C;27;*-CC1CCOC1;COc1cc(N(CCN)CCCC2CCOC2)ccc1Nc1nc(NC2CCCCC2)c2nc[nH]c2n1;medium/low;Sol pH7,2;;5;uM
12;Chemistry 192;Solubility;5;A;http://dx.doi.org/10.1016/j.bmcl.2012.04.131;5;CM;COC1=CC(=CC=C1NC1=NC(NC2CCCCC2)=C2N=CNC2=N1)N1CCC(-*)CC1;A;35;CN(C)C1CCN(C1)C(=O)C-*;CCN(CCCCC(=O)N1CCC(N(C)C)C1)c1ccc(Nc2nc(NC3CCCCC3)c3nc[nH]c3n2)c(OC)c1;Good;Sol pH7,2;;75;uM
12;Chemistry 193;Solubility;5;A;http://dx.doi.org/10.1016/j.bmcl.2012.04.131;5;CM;COC1=CC(=CC=C1NC1=NC(NC2CCCCC2)=C2N=CNC2=N1)N1CCC(-*)CC1;B;33;CN1CCN(CC1)C(=O)C-*;CCN(CCCCC(=O)N1CCN(C)CC1)c1ccc(Nc2nc(NC3CCCCC3)c3nc[nH]c3n2)c(OC)c1;medium;Sol pH7,2;;38;uM
12;Chemistry 194;Solubility;5;A;http://dx.doi.org/10.1016/j.bmcl.2012.04.131;5;CM;COC1=CC(=CC=C1NC1=NC(NC2CCCCC2)=C2N=CNC2=N1)N1CCC(-*)CC1;C;29;CN(C)C1CCN(C1)C(-*)=O;CCN(CCCO)c1ccc(Nc2nc(NC3CCCCC3)c3nc[nH]c3n2)c(OC)c1.CN1CCC(N(C)C)C1;medium;Sol pH7,2;;38;uM, structure mal interprétée
31;Chemistry 196;Permeability;5;B;http://dx.doi.org/10.1016/j.bmcl.2012.04.131;5;CM;COC1=CC(=CC=C1NC1=NC(NC2CCCCC2)=C2N=CNC2=N1)N1CCN(-*)CC1;A;19;[*]S(=O)(=O)C;COc1cc(N(CCN)CCS(C)(=O)=O)ccc1Nc1nc(NC2CCCCC2)c2nc[nH]c2n1;medium;Pampa;;848;10-6cm/sec
31;Chemistry 195;Permeability;5;B;http://dx.doi.org/10.1016/j.bmcl.2012.04.131;5;CM;COC1=CC(=CC=C1NC1=NC(NC2CCCCC2)=C2N=CNC2=N1)N1CCN(-*)CC1;B;27;[*]CC1CCOC1;COc1cc(N(CCN)CCCC2CCOC2)ccc1Nc1nc(NC2CCCCC2)c2nc[nH]c2n1;Good;Pampa;;;10-6cm/sec
31;Chemistry 197;Permeability;5;B;http://dx.doi.org/10.1016/j.bmcl.2012.04.131;5;CM;COC1=CC(=CC=C1NC1=NC(NC2CCCCC2)=C2N=CNC2=N1)N1CCN(-*)CC1;C;20;[*]S(=O)(=O)CCCN1CCOCC1;COc1cc(N(CCN)CCS(=O)(=O)CCCN2CCOCC2)ccc1Nc1nc(NC2CCCCC2)c2nc[nH]c2n1;medium;Pampa;;1874;10-6cm/sec
51;Chemistry 200;Permeability;5;C;http://dx.doi.org/10.1016/j.bmcl.2012.04.131;5;CM;COC1=CC(=CC=C1NC1=NC(NC2CCCCC2)=C2N=CNC2=N1)N1CCC(-*)CC1;A;33;CN1CCN(CC1)C(=O)C-*;CCN(CCCCC(=O)N1CCN(C)CC1)c1ccc(Nc2nc(NC3CCCCC3)c3nc[nH]c3n2)c(OC)c1;medium;Pampa;;530;10-6cm/sec
51;Chemistry 199;Permeability;5;C;http://dx.doi.org/10.1016/j.bmcl.2012.04.131;5;CM;COC1=CC(=CC=C1NC1=NC(NC2CCCCC2)=C2N=CNC2=N1)N1CCC(-*)CC1;B;29;CN(C)C1CCN(C1)C(-*)=O;CCN(CCCO)c1ccc(Nc2nc(NC3CCCCC3)c3nc[nH]c3n2)c(OC)c1.CN1CCC(N(C)C)C1;bad;Pampa;;0;10-6cm/sec
51;Chemistry 198;Permeability;5;C;http://dx.doi.org/10.1016/j.bmcl.2012.04.131;5;CM;COC1=CC(=CC=C1NC1=NC(NC2CCCCC2)=C2N=CNC2=N1)N1CCC(-*)CC1;C;36;*-CC(=O)N1CCCC1;CCN(CCCCC(=O)N1CCCC1)c1ccc(Nc2nc(NC3CCCCC3)c3nc[nH]c3n2)c(OC)c1;Good;Pampa;;1688;10-6cm/sec
69;Chemistry 202;Permeability;5;B;http://dx.doi.org/10.1016/j.bmcl.2012.04.131;5;CM;COC1=CC(=CC=C1NC1=NC(NC2CCCCC2)=C2N=CNC2=N1)N1CCC(-*)CC1;A;28;[*]N1CCOCC1;CCN(CCCN1CCOCC1)c1ccc(Nc2nc(NC3CCCCC3)c3nc[nH]c3n2)c(OC)c1;medium;Pampa;;700;10-6cm/sec
69;Chemistry 201;Permeability;5;B;http://dx.doi.org/10.1016/j.bmcl.2012.04.131;5;CM;COC1=CC(=CC=C1NC1=NC(NC2CCCCC2)=C2N=CNC2=N1)N1CCC(-*)CC1;B;31;[*]CN1CCOCC1;CCN(CCCCN1CCOCC1)c1ccc(Nc2nc(NC3CCCCC3)c3nc[nH]c3n2)c(OC)c1;Good;Pampa;;2087;10-6cm/sec
69;Chemistry 203;Permeability;5;B;http://dx.doi.org/10.1016/j.bmcl.2012.04.131;5;CM;COC1=CC(=CC=C1NC1=NC(NC2CCCCC2)=C2N=CNC2=N1)N1CCC(-*)CC1;C;30;*-C(=O)N1CCOCC1;CCN(CCCC(=O)N1CCOCC1)c1ccc(Nc2nc(NC3CCCCC3)c3nc[nH]c3n2)c(OC)c1;medium;Pampa;;744;10-6cm/sec
11;Chemistry 205;Solubility;3;B;dx.doi.org/10.1021/jm300967g;3;CM;*-N1C=C(C=N1)C1=NC2=C(N=NN2CC2=CC=C3N=CC=CC3=C2)N=C1;A;41;[*]C1CCNCC1;c1cnc2ccc(Cn3nnc4ncc(-c5cnn(C6CCNCC6)c5)nc43)cc2c1;bad;Kin sol pH 6,5;;10.8;uM
11;Chemistry 204;Solubility;3;B;dx.doi.org/10.1021/jm300967g;3;CM;*-N1C=C(C=N1)C1=NC2=C(N=NN2CC2=CC=C3N=CC=CC3=C2)N=C1;B;38;[*]CCN1CCCC1;c1cnc2ccc(Cn3nnc4ncc(-c5cnn(CCN6CCCC6)c5)nc43)cc2c1;Good;Kin sol pH 6,5;;252;uM
11;Chemistry 206;Solubility;3;B;dx.doi.org/10.1021/jm300967g;3;CM;*-N1C=C(C=N1)C1=NC2=C(N=NN2CC2=CC=C3N=CC=CC3=C2)N=C1;C;40;*-[C@H]1CCNC1;c1cnc2ccc(Cn3nnc4ncc(-c5cnn([C@H]6CCNC6)c5)nc43)cc2c1;medium;Kin sol pH 6,5;;60.4;uM
14;Chemistry 207;Permeability;3;A;dx.doi.org/10.1021/jm300967g;3;CM;*-N1C=C(C=N1)C1=NC2=C(N=NN2CC2=CC=C3N=CC=CC3=C2)N=C1;A;37;[*]CCN(C)C;CN(C)CCn1cc(-c2cnc3nnn(Cc4ccc5ncccc5c4)c3n2)cn1;Good;Caco2 Perm.;;46.5;10-6cm/sec
14;Chemistry 208;Permeability;3;A;dx.doi.org/10.1021/jm300967g;3;CM;*-N1C=C(C=N1)C1=NC2=C(N=NN2CC2=CC=C3N=CC=CC3=C2)N=C1;B;40;*-[C@H]1CCNC1;c1cnc2ccc(Cn3nnc4ncc(-c5cnn([C@H]6CCNC6)c5)nc43)cc2c1;bad;Caco2 Perm.;;3.1;10-6cm/sec
14;Chemistry 209;Permeability;3;A;dx.doi.org/10.1021/jm300967g;3;CM;*-N1C=C(C=N1)C1=NC2=C(N=NN2CC2=CC=C3N=CC=CC3=C2)N=C1;C;38;[*]CCN1CCCC1;c1cnc2ccc(Cn3nnc4ncc(-c5cnn(CCN6CCCC6)c5)nc43)cc2c1;medium;Caco2 Perm.;;21.9;10-6cm/sec
27;Chemistry 210;Solubility;3;A;dx.doi.org/10.1021/jm300967g;3;CM;*-C1=NC2=C(N=NN2CC2=CC=C3N=CC=CC3=C2)N=C1;A;47;CN(C)CCN-*;CN(C)CCNc1cnc2nnn(Cc3ccc4ncccc4c3)c2n1;Good;Kin sol pH 6,5;;543;uM
27;Chemistry 211;Solubility;3;A;dx.doi.org/10.1021/jm300967g;3;CM;*-C1=NC2=C(N=NN2CC2=CC=C3N=CC=CC3=C2)N=C1;B;46;[*]NCCO;OCCNc1cnc2nnn(Cc3ccc4ncccc4c3)c2n1;medium;Kin sol pH 6,5;;32.2;uM
27;Chemistry 212;Solubility;3;A;dx.doi.org/10.1021/jm300967g;3;CM;*-C1=NC2=C(N=NN2CC2=CC=C3N=CC=CC3=C2)N=C1;C;51;[*]OCCN(C)C;CN(C)CCOc1cnc2nnn(Cc3ccc4ncccc4c3)c2n1;good-medium;Kin sol pH 6,5;;488;uM
49;Chemistry 213;Permeability;3;A;dx.doi.org/10.1021/jm300967g;3;CM;*-C1=NC2=C(N=NN2CC2=CC=C3N=CC=CC3=C2)N=C1;A;51;[*]OCCN(C)C;CN(C)CCOc1cnc2nnn(Cc3ccc4ncccc4c3)c2n1;Good;Caco2 Perm.;;25.9;10-6cm/sec
49;Chemistry 214;Permeability;3;A;dx.doi.org/10.1021/jm300967g;3;CM;*-C1=NC2=C(N=NN2CC2=CC=C3N=CC=CC3=C2)N=C1;B;46;[*]NCCO;OCCNc1cnc2nnn(Cc3ccc4ncccc4c3)c2n1;bad;Caco2 Perm.;;2.79;10-6cm/sec
49;Chemistry 215;Permeability;3;A;dx.doi.org/10.1021/jm300967g;3;CM;*-C1=NC2=C(N=NN2CC2=CC=C3N=CC=CC3=C2)N=C1;C;47;CN(C)CCN-*;CN(C)CCNc1cnc2nnn(Cc3ccc4ncccc4c3)c2n1;bad;Caco2 Perm.;;2.08;10-6cm/sec
6; ;Solubility;1;C;https://doi.org/10.1021/jm0408870;1;CM;CC(C(=O)NC1=NNC(=C1)C1CC1)C1=CC=C(-*)C=C1;A;36;*-N1CCOS1(=O)=O;C=CC(=CC=CN1CCOS1(=O)=O)C(C)C(=O)Nc1cc(C2CC2)[nH]n1;medium;sol pH7;;135;uM
6;Chemistry 217;Solubility;1;C;https://doi.org/10.1021/jm0408870;1;CM;CC(C(=O)NC1=NNC(=C1)C1CC1)C1=CC=C(-*)C=C1;B;28;*-N1C=NNC1=O;C=CC(=CC=Cn1cn[nH]c1=O)C(C)C(=O)Nc1cc(C2CC2)[nH]n1;medium;sol pH7;;109;uM
6;Chemistry 216;Solubility;1;C;https://doi.org/10.1021/jm0408870;1;CM;CC(C(=O)NC1=NNC(=C1)C1CC1)C1=CC=C(-*)C=C1;C;27;*-N1C=CNC1=O;C=CC(=CC=Cn1cc[nH]c1=O)C(C)C(=O)Nc1cc(C2CC2)[nH]n1;Good;sol pH7;;233;uM
13;Chemistry 220;Permeability;1;B;https://doi.org/10.1021/jm0408870;1;CM;CC(C(=O)NC1=NNC(=C1)C1CC1)C1=CC=C(-*)C=C1;A;27;*-N1C=CNC1=O;C=CC(=CC=Cn1cc[nH]c1=O)C(C)C(=O)Nc1cc(C2CC2)[nH]n1;bad;Rate;;low;
13;Chemistry 219;Permeability;1;B;https://doi.org/10.1021/jm0408870;1;CM;CC(C(=O)NC1=NNC(=C1)C1CC1)C1=CC=C(-*)C=C1;B;22;*-N1CCNC1=O;C=CC(=CC=CN1CCNC1=O)C(C)C(=O)Nc1cc(C2CC2)[nH]n1;Good;Rate;;moderate;
13;Chemistry 221;Permeability;1;B;https://doi.org/10.1021/jm0408870;1;CM;CC(C(=O)NC1=NNC(=C1)C1CC1)C1=CC=C(-*)C=C1;C;25;*-N1CC(=O)NC1=O;C=CC(=CC=CN1CC(=O)NC1=O)C(C)C(=O)Nc1cc(C2CC2)[nH]n1;bad;Rate;;low;
